,Ck,Ca,Ke,Ge
intensification,-2.4565093021652737,0.3436631217108775,250132.18966053645,-0.7609768976905534
mature,-5.602073840217493,0.5494622808261279,318400.6988939241,2.4266285200048903
decay,4.408587796904263,-0.09987360790438637,460994.0840994024,-0.06558127131317404
