,Ck,Ca,Ke,Ge
intensification,-2.5454830391392167,0.0081376364716796,146630.67510959716,0.0294678538726962
mature,-2.5454830391392167,0.008137636471679418,146630.67510959716,0.029467853872696233
decay,-2.5454830391392167,0.008137636471679782,146630.67510959716,0.029467853872696164
