,Ck,Ca,Ke,Ge
intensification,-3.9382688425695243,-2.605025016483882,210852.2582249381,-0.08307784418952247
mature,-2.479242776839628,-1.581683971496349,167741.25064641816,0.2263737008964506
decay,-0.18732873836824337,-0.3032815372004294,99422.94445371238,0.9224813304813435
