,Ck,Ca,Ke,Ge
intensification,-3.576719592816173,-1.1557373821455734,565078.3409252706,10.333390880692686
mature,-12.450249676221251,-1.7133863742009208,1244485.893179764,9.221863201825716
decay,-10.227213409787183,-0.6872237479161769,721918.2842225503,1.0267180456349898
