,Az,Ae,Kz,Ke,Cz,Ca,Ck,Ce,BAz,BAe,BKz,BKe,BΦZ,BΦE,Gz,Ge,∂Az/∂t (finite diff.),∂Ae/∂t (finite diff.),∂Kz/∂t (finite diff.),∂Ke/∂t (finite diff.),RGz,RGe,RKz,RKe
intensification,486972.19261532824,469631.9738923046,4868884.556389317,809865.5581901396,-4.845112337463431,2.1686770655199554,1.2655872175946374,18.038752320858443,-1.4575169937550696,10.124158505153583,-32.75693905976651,14.210328175772606,295.79496449396976,262.7411073386501,3.0759828499069872,11.76561424343005,-3.781633770213022,-1.137866823496488,-14.695756688585186,2.981512687906351,-5.000552048401424,4.608049926688416,-21.640707491050126,28.001980591130064
mature,317389.32361805136,219948.84289377407,3155766.755806856,711437.2535684991,8.172324356347126,-0.18196857509688158,3.5871279164950436,1.0449954627691136,6.970359849940812,0.22265857712378523,4.086750403641903,0.6249909589991149,148.32498760623645,89.33806050032354,3.698604763190087,-0.25123838129069487,1.327422458956782,-5.930061786680411,-35.0137601694023,-8.304721773743488,2.3474183902662142,-4.925756325938199,50.85996284588637,6.3875802790166745
decay,200718.70881467656,70026.16829828362,1795574.580293004,437274.1241255771,3.3346552498258686,0.15444555474915533,-4.431867403288674,0.5676941417751321,2.890699172916644,-0.1587487810205986,-4.9756088118053565,-2.1384423119807283,41.55072777168186,-21.475432874382875,0.7278927797328211,-0.03884263570742734,-1.7800172672292962,-0.5143813044294732,-5.29672633404145,-3.589864167476107,-1.181615635570917,0.05761606361710206,-0.7760946312267157,6.450983400559187
incipient,130133.50489081252,57525.556932995234,2065496.1217498353,197387.66828744853,0.43976018582341325,-0.03163306523418519,1.0957678689092358,0.08711418565316924,2.0337516445956503,0.3337974136803941,8.830242372226728,-0.8844000221058081,-51.02348575184708,-99.3340871495414,-0.06305480948185517,-0.14744675893888595,0.38673756342781496,-0.2714185905764519,2.807074315986532,-2.7563982219199445,-1.2388869605786075,-0.4864687533694917,7.558696110972842,0.8633445165580687
