,Az,Ae,Kz,Ke,Cz,Ca,Ck,Ce,BAz,BAe,BKz,BKe,BΦZ,BΦE,Gz,Ge,∂Az/∂t (finite diff.),∂Ae/∂t (finite diff.),∂Kz/∂t (finite diff.),∂Ke/∂t (finite diff.),RGz,RGe,RKz,RKe
intensification,349001.5785866981,508356.6689766396,4202419.468390323,769558.7639340163,-0.6588438113216724,0.3641558661735644,1.7002166474989042,21.391345571313565,-1.3932124685613738,20.24089804270165,-48.42602310962324,10.087923158854828,291.9438396789518,347.0084912857971,3.024316088700183,14.016323342428361,-3.4537660364732568,3.6500566342684313,28.215781695465743,8.485430105558798,-2.3552415130599913,4.436348296706777,-75.60043196891176,21.29362197711069
mature,461053.78365533845,195553.5969906663,3247116.115281108,1052286.5634663496,12.782886340401399,0.21421122572446524,-17.51107985587806,2.1412383854566834,4.817841040848698,-2.7301786421643435,-12.730011505179016,-0.4391230472194643,130.8679742832661,29.371811512907463,7.19629879376677,0.0354265245777245,-2.6977992391890844,-5.239092223317754,-25.859583771419622,-2.1747382150259176,5.481457286088085,-0.5818864214211914,8.401378750763948,21.387933409141194
decay,340378.3433933113,75587.99020109647,4207647.47192089,614564.8199399596,2.7655877826884003,0.4588082183225392,-18.884535032151195,0.6678492174093182,3.7184925955763157,-0.7396845734812219,-69.48028986813623,-13.976560543578387,269.3311337512769,131.87351881061915,-0.15507703833778172,-0.21974389057334884,2.08540953244224,-0.2266107221948587,13.609095513805057,-3.851066032780948,1.5913129378768631,0.7221148503731423,-99.2083326314041,9.426889738763075
residual,827372.9880275696,41886.84288737148,6400838.536811631,115901.6658044064,3.454804880311302,0.14653109801651598,-2.187030885567108,0.3404330526804216,2.4591193389435584,-0.7304685948670588,-49.53544302955068,0.07980892464586939,64.10880091621753,-74.57411064412402,-0.11770953481473218,0.06050356008925294,2.605774218194423,-0.09881850637364224,8.107225057684204,-0.47260289974186276,3.7479908575786856,0.8255520431573223,-56.37489409249071,3.079875762635261
