,Az,Ae,Kz,Ke,Cz,Ca,Ck,Ce,BAz,BAe,BKz,BKe,BΦZ,BΦE,Gz,Ge,∂Az/∂t (finite diff.),∂Ae/∂t (finite diff.),∂Kz/∂t (finite diff.),∂Ke/∂t (finite diff.),RGz,RGe,RKz,RKe
intensification,719245.0128033953,190825.74176405658,2712018.444840703,257204.64730482874,2.545112239612788,1.0416352764119032,-1.6626271826819468,7.002885254139381,5.271910062133943,1.3435873914986094,-9.591996104089974,3.2796687332306433,67.59551366325057,66.3910101984253,1.644085849306635,4.125327900092374,2.147266889488358,-0.21556461500294047,3.3650404324537475,0.6459680896943761,0.4621043433791055,4.4020979712259285,-12.074551479612877,11.299213080357598
mature,1115969.548322645,409393.76149300655,3722238.7332096174,1032106.355920532,-2.210846737360017,8.730102237561791,-37.831547834186814,25.04663762647603,19.425475173115526,3.7901176001000394,-69.8378865943311,2.425345247791902,183.12092833665983,94.84011450761875,-0.6273387335718581,9.638817485259782,-1.637232462796374,4.792135106023822,17.062081820440504,9.892812949643202,-14.543452135710126,17.318552894838014,-126.94236298631847,55.41071775881155
decay,806601.265501236,321446.440552124,6196621.451546594,753031.3310522161,-2.058043417171629,4.893305159501045,-23.601387612799602,12.043049638275956,4.0691461535630715,-1.012211774992656,-24.81109896978092,-3.78666197335813,423.5717800116585,296.49615717287287,-4.416395057726476,0.8806073090460697,-0.8057726351434001,-3.1095026861218344,-4.670666344263092,-6.631074716118347,-2.0396570463770605,5.052453567645737,-45.79986365548905,38.488849993835764
residual,728339.2574882669,53686.27668285701,3374802.750011074,113325.76207761336,4.434995387440266,0.26445594887519736,-0.859157423452047,1.2348441382859128,4.132171202877294,0.9992822079574295,-13.754168773652141,-0.5365783060538878,110.8600481535706,75.55720651840149,1.665990594435157,0.29599400641946155,4.574050574613556,0.7658273628718906,-4.817973500433028,0.7336587609206645,5.141330708051722,0.7369333443251771,-5.360357309230896,0.8237644947634075
