,Az,Ae,Kz,Ke,Cz,Ca,Ck,Ce,BAz,BAe,BKz,BKe,BΦZ,BΦE,Gz,Ge,∂Az/∂t (finite diff.),∂Ae/∂t (finite diff.),∂Kz/∂t (finite diff.),∂Ke/∂t (finite diff.),RGz,RGe,RKz,RKe
intensification,1222707.9232880466,362688.4114196592,6268015.538973332,370536.4169960911,-5.078525137870207,1.831738577021437,-4.861229407552366,8.370301637223653,-7.506148892006267,11.47307160861748,-35.04661545235231,-0.40194359940187047,342.9987163036451,344.7529799944153,-1.4981748665946526,3.9025119043394203,-0.6792628929242731,1.1182464922920503,19.131211625366788,4.146961299933753,3.5800994382332214,-3.816262056123217,-64.11758162314167,8.682626145440393
mature,869765.8227263592,399710.42508093675,7850454.717502855,785493.3017053002,-15.276481858332671,4.576832187578548,1.9097162391926201,23.304564406325667,-23.303723602191425,13.07042696436604,51.909430652632444,-2.40580283462509,295.258292242667,267.13333466438075,0.37507934277561916,10.209709647325758,-8.438812128991845,-2.9640903187874983,-1.7344400699065288,-0.830839723689256,4.165261802445462,2.693214935593579,40.2771051033989,19.81988505619722
decay,490597.4585625022,107020.95415705506,6341562.035365569,369148.57916793425,-7.741408347752122,0.7136299005378384,6.477538782731948,4.390946597929478,-7.789167710876113,-0.31622077542205046,28.698592658947103,1.7930029314034943,53.7530007620307,29.506664164301558,-0.7908206277401789,1.1587890891789425,-0.3698467605016126,-2.491744277102774,-14.338766490290261,-4.320664344571849,0.3915425031602176,1.501793195710916,41.773489584217195,4.027075091172879
incipient,554035.5157081827,153070.58996339058,4083849.3028691434,359291.20342225046,-1.3284081244759403,1.1113114624415261,-2.6961448229319993,2.5643109830248156,3.1229598786154806,-0.39808767726587063,5.1431126618499,-0.1177360647949123,24.948743602735995,-8.737982191586022,-1.1491680652937082,-0.4877025592947974,-0.20083466930369545,0.39615730750751893,-4.344360271887448,0.9458491082927909,-3.540891209953591,2.247244505356679,5.46291998632941,4.196870632869109
