,Az,Ae,Kz,Ke,Cz,Ca,Ck,Ce,BAz,BAe,BKz,BKe,BΦZ,BΦE,Gz,Ge,∂Az/∂t (finite diff.),∂Ae/∂t (finite diff.),∂Kz/∂t (finite diff.),∂Ke/∂t (finite diff.),RGz,RGe,RKz,RKe
intensification,721276.2358151564,202411.60390281695,4174940.8610166144,561611.2471622683,-6.9950456803863394,2.186463078019014,-7.347769700015752,11.384460655980362,1.2977779908410236,4.279273459797008,-16.785873118233066,4.191306323138009,102.66597265313105,88.80035478229247,-2.8257066244760694,5.602379307993595,-0.7230324027376288,0.2026289706594098,9.788282629521916,1.2623879174868435,-6.829392995945981,5.12135308882375,-40.916971128157066,21.661148761647283
mature,610188.7918657875,185154.44984739387,4480123.201464446,692449.244580342,5.906757865700145,1.011424958357861,-10.58386593118511,2.5622870307315857,3.519191294206638,-2.4954572839868097,4.307755986227527,-5.155565559594154,222.435400662161,109.63382642677314,1.5458721845799093,-1.4495023090094687,-4.035221865993401,-3.424210603104018,-25.55695786205018,0.1363029343540882,-0.6362303361420318,0.6221087532565169,25.18760578279274,7.854284467968452
decay,302969.4486996006,70493.67263951636,4972978.252623284,489165.1193991951,-5.3410907767733855,0.6855047284652288,-6.34128182452417,3.1152567808120484,-3.949192796724555,1.4340976124877767,-17.407487522377505,-0.70010905361501,212.51265898447437,123.35607515698537,0.023386232051575435,-0.0962912138495692,0.4242885526444104,-0.1812276949562697,14.521385987355039,-2.8053841466476754,-0.2821046989391936,0.8144267449027729,-43.61124611103011,11.561813698368885
