,Az,Ae,Kz,Ke,Cz,Ca,Ck,Ce,BAz,BAe,BKz,BKe,BΦZ,BΦE,Gz,Ge,∂Az/∂t (finite diff.),∂Ae/∂t (finite diff.),∂Kz/∂t (finite diff.),∂Ke/∂t (finite diff.),RGz,RGe,RKz,RKe
incipient,558546.920760944,305438.69880082336,2881688.116810729,273384.504285708,0.4126808176338462,1.8175660836844267,-0.9580651142405558,3.4216513869377008,7.5662403354645535,-0.9092492591114831,-39.85802282864915,0.36833058885070047,74.59606936429743,70.33625556439524,-0.22030422319877802,-0.20644027262236964,0.8409860861723907,-0.6499439088218918,-3.1079480146371816,-1.5802750521172932,-4.495007347973888,1.8633906535428637,-37.29545911061867,6.32832214214625
intensification,519671.39639868407,412772.4172467232,3108968.281077576,554534.690307218,-2.019036353698298,2.2350395196767154,-4.730891353051777,10.293658193215762,1.1849665980849036,2.4528382244471527,-36.08532495724891,8.565366242988045,144.6795108066704,137.32262800327504,-0.4407048267377393,6.94935197062037,-2.3144247954591557,1.628283820891885,1.9218075038798548,6.671848700411787,-3.283388227565642,7.234064269983777,-44.75706016787884,16.91806708884379
mature,237177.40478080514,290065.8816791869,3249724.4559592716,1160831.3741879966,-5.907786307086905,2.4960765531577667,-11.629608952209237,9.457506721975255,-1.8328508115471955,1.0631428540948744,-36.82725331037323,-1.6463916832103853,206.22227539834577,210.08092810878583,0.15374699203396575,2.3796307568942106,0.43991367568380185,-2.5251505904873257,2.776804844506221,-7.248626395874579,-1.1389452666981414,3.3731367242352888,-57.1414534141756,26.68935038684869
decay,423347.1081441189,98524.42036817504,4205534.334439716,312738.0957036205,-1.2864775292193285,0.6606345774834546,-3.2910719531121657,1.8844449778123895,5.608469754356362,1.4862158655468944,2.996824914963831,-3.3597438169246288,118.64801512851841,93.852178469895,-0.6819428584784251,-0.39801875482189975,4.340611433668514,-0.48055269726551203,6.434917586610019,-1.7082790464623745,-1.8937012724237219,-0.7429581624834708,-8.015642153977673,3.524052160462305
