,Az,Ae,Kz,Ke,Cz,Ca,Ck,Ce,BAz,BAe,BKz,BKe,BΦZ,BΦE,Gz,Ge,∂Az/∂t (finite diff.),∂Ae/∂t (finite diff.),∂Kz/∂t (finite diff.),∂Ke/∂t (finite diff.),RGz,RGe,RKz,RKe
incipient,2191619.35175027,163452.26726791656,5192160.77613199,188169.40442897574,9.674462136929428,-0.14784869914557286,-0.6070139126654157,1.4138162131408034,26.184185539010468,-1.7183012427572135,-1.2882190794847648,-4.766783024454281,-127.27155999439218,-180.79791326299048,-17.50520037918149,0.8227493271403669,-3.248795156823107,-0.2255855634182078,15.695361492972099,-0.6423669760477728,-19.906367258049713,3.0543805916253826,-7.916132348192854,-2.1035859226002884
intensification,532559.8147214736,89726.06741749268,6091523.104143053,245496.10393256188,-1.9323035328495852,-0.02232905271003634,-4.493171519880712,1.3246967765275395,3.8734670620611524,2.430714818792592,9.834028315891938,-7.238553056089212,-62.414905351353404,-119.21411209317519,12.684848037059428,0.9214999943619057,-0.04929595451966019,0.18325369304383674,-8.37279602402178,-0.008656204343591843,-5.8773956021404405,-0.9004352965111788,11.781349287183415,-1.41202855533737
mature,503258.9044661028,181470.832953276,1826706.6002219487,149914.9239346203,1.0719817041598991,0.26236278168356014,-0.7151143263871377,2.9756470994103417,4.469083020321702,1.5121174299174462,-0.3914038525463981,-1.0278763735781267,72.17893461413995,51.186496652414384,1.615675515535913,0.8877442021285046,0.19333464705531936,0.43674925450374724,-6.0098481061753,-0.058489141139383756,-2.9414038874229225,1.6379161423130837,5.975311631401663,2.721374193358736
decay,338548.15702439524,110879.08495973231,1799232.8496972066,115194.84829614477,0.47653540680303486,0.12024488661685845,-1.0311342049550476,1.1249993873596567,1.4991952864334486,0.627897795974483,-5.823433907633848,-1.1452756843535596,51.11893267719719,23.414788815676886,-1.1973726577198667,-0.6975325764793088,-1.0757226704452558,-0.5114044662444982,4.701380618133664,-0.2033119139649392,-1.9781376634588104,-0.13454776147618283,-11.079413323919525,1.2141698219260837
