,Ck,Ca,Ke,Ge
intensification,-0.8830135164990693,0.13745243130714105,526859.538873836,5.600491033696496
mature,7.553411170974342,-0.16075163968037723,759649.5248069539,5.390628383955933
decay,5.830136967235824,0.007919712246847899,347569.0226827634,0.32556494099384325
