,Az,Ae,Kz,Ke,Cz,Ca,Ck,Ce,BAz,BAe,BKz,BKe,BΦZ,BΦE,Gz,Ge,∂Az/∂t (finite diff.),∂Ae/∂t (finite diff.),∂Kz/∂t (finite diff.),∂Ke/∂t (finite diff.),RGz,RGe,RKz,RKe
intensification,1066531.1383979598,98103.51034042281,5269354.791639863,195310.5158473863,1.8786153220024424,-0.036181412315691344,-0.5478832434504269,3.0557698273859217,8.321763238283863,1.754463702597298,-40.5465248330723,-5.6009519549253035,39.11505277874724,33.8758517462787,1.495652332324209,1.3676475848201421,5.763594270872514,-0.5299072735360562,16.33232935269297,-1.2307582729545468,-0.7157350577245969,0.807580263568259,-55.54812210721327,-0.7665406111344073
mature,1351943.954016809,120361.77059434255,5792796.817541797,323173.55473237246,0.8002101876588585,1.7405402758721833,-6.244177735717132,6.136154321657478,13.287333369691845,3.5698349694866263,25.909148423646492,1.9061905750753754,-15.184085553188254,-37.35404648693481,1.7338212110824989,1.9070663131842984,-5.694214632010318,0.5416975204483077,-5.396056529749387,4.265970470567808,-16.440797538171118,1.3674765967469769,25.861237405337615,10.020552161882177
decay,420159.96764289524,300053.39113531495,3953059.592992767,725414.4741717828,-0.7178395158103812,2.5990511439386403,-13.6055200640881,7.684470152145312,3.993657389509747,-1.505837607467686,-11.018697932321327,6.102213686762791,300.90016682155743,200.93593085436402,0.6065070698454449,2.970902575269482,-1.1407097307993093,0.4355190162528931,-2.842619628589012,-1.0056163568582825,-3.2531554921807975,7.026775631927248,-22.4994378836308,28.397820259854473
residual,342914.5882937779,161436.79662945442,2491840.4490585346,246523.1199270628,-2.0365114080323568,0.23562627358592203,2.5359971709508775,2.626795022463663,3.720883159271862,2.847089763227239,2.2208313446658297,3.61664485082989,96.53700643520808,61.96172547888925,-0.3689961065696285,0.11910154423806829,0.9009949670912644,-0.7063339886053482,-4.159767830521032,-0.8745025416089985,-4.620773326627034,-1.162255002954846,6.880084938105377,4.581945243951675
