,Az,Ae,Kz,Ke,Cz,Ca,Ck,Ce,BAz,BAe,BKz,BKe,BΦZ,BΦE,Gz,Ge,∂Az/∂t (finite diff.),∂Ae/∂t (finite diff.),∂Kz/∂t (finite diff.),∂Ke/∂t (finite diff.),RGz,RGe,RKz,RKe
intensification,1224515.6541588358,92168.64005202163,3086549.2033826485,254960.4716240469,8.59465467439711,0.23151650799000767,-5.249716505373011,1.4741228533089106,10.685115272040186,2.073139309200761,-30.022989013115346,-0.5871831420705923,53.76996977456333,35.95875335713627,2.5652056935110137,1.192698371500884,-0.45311390085091013,-0.035567378651079125,10.557959906946113,2.9238904378807375,-2.3120579905039818,-0.8661003425329377,-37.236010751037355,3.2127657787305908
mature,916062.4779158502,196958.14836849147,4855802.807476302,721743.333515775,21.178199019186515,0.7699202099037888,-9.63153814112297,8.037224609101797,4.860769258962881,9.924968366816758,16.50646864397679,-31.610843521918362,252.34349083048795,199.5537533280855,8.103756510409891,6.852282599069222,-4.552768192764711,2.7826605486407923,11.838596460249342,1.051040697521438,12.534581777362712,0.12499658102204171,16.214533061790988,-14.993121469215028
decay,318262.8331252029,172032.63703809935,3346399.299550152,328836.7296347396,-0.11634382265615076,0.25638859629165706,-6.732532651437866,1.0652422543892026,-3.196963411924247,-0.5148669124216813,46.41694679041902,-8.407450679445228,265.6348683870875,227.89514936291926,-1.0442670077355523,0.7229346572557245,-2.0237386572671925,-1.4957005774327603,-16.5914783551093,-2.3227230662384533,1.313269528292561,-0.17198000691353327,56.15954867143428,1.7130472926202929
residual,87598.68000984272,30476.888946851366,1273252.2364955093,128400.00813395844,0.08856544813081474,0.17207601220935193,-3.137437471512491,-0.061689305086898745,-0.7421285918792715,-0.8665464987237357,-3.165309293686395,-3.84176711829119,51.49807160827218,43.12493321299195,-0.04416190311057978,-0.0485009248213664,-0.8486198167077568,-0.24087360399466737,-6.908321705692743,-1.2493306432789726,0.15415023551168194,0.39190757743281757,0.6941403886246692,0.48331169141337477
