,Az,Ae,Kz,Ke,Cz,Ca,Ck,Ce,BAz,BAe,BKz,BKe,BΦZ,BΦE,Gz,Ge,∂Az/∂t (finite diff.),∂Ae/∂t (finite diff.),∂Kz/∂t (finite diff.),∂Ke/∂t (finite diff.),RGz,RGe,RKz,RKe
intensification,1251680.8538583184,177426.49498932142,3715541.783860546,295783.6191888682,-9.69760851305614,2.3460076547078423,-4.308613731533683,5.982029720920434,3.9111838088192434,1.6544596763480162,-33.3493184841872,10.975588903748376,118.709630559123,107.64429777586729,-5.54269778297655,3.059476469623788,-2.1903981117495532,3.022137472447811,6.842468990086681,5.519752367290826,-13.453182778917098,5.003699862312386,-54.198009718863695,15.746479988911666
mature,701924.8633963263,402346.7143828196,3722131.2024016753,889659.0784378228,-6.473902272892628,5.88927013940813,-9.55877771453524,18.502446144871236,5.1311987601754545,-6.813068419767868,1.4883222490961725,19.31040310913546,108.56818541515192,103.98866620509722,-2.0903717781798123,9.068429023785963,-11.331954389854264,0.9004088521706547,-16.78511269897209,11.004227094525493,-17.04778528351422,20.326653277401622,2.2407549606403903,36.36739987401644
decay,176555.1441073935,177149.2107965901,2135012.220396234,970741.6609902753,-0.4140273387433235,1.8659326071442464,-4.054074741035348,5.726034302347077,0.6929359220793387,-5.898643420453427,-3.394603825862339,0.593318725066795,77.2009975986143,38.79888600839688,0.4113350727644312,1.9457509958689276,-2.92247765761321,-2.271026597788886,-11.143509866381809,-3.480086758376157,-2.1635083112916265,7.4877185178673695,3.2808039607407973,13.853514526825371
incipient,77521.50645130502,22970.24187143995,994850.2651039871,228385.41814348096,0.2994771066221752,0.0331671351830086,-2.515930115751865,-0.02527836739304211,0.7217477663369815,0.050183399224975445,-9.519531134036603,-2.5627765461321865,76.5520971727178,62.67023753889442,-0.21158244101595755,-0.0969627374278611,0.4369860329494638,-0.07795204348032166,-2.0666438915986833,-2.1854696371626963,0.04788250841766618,-0.18658094528134778,-9.669340251567611,2.113344839389332
