,Az,Ae,Kz,Ke,Cz,Ca,Ck,Ce,BAz,BAe,BKz,BKe,BΦZ,BΦE,Gz,Ge,∂Az/∂t (finite diff.),∂Ae/∂t (finite diff.),∂Kz/∂t (finite diff.),∂Ke/∂t (finite diff.),RGz,RGe,RKz,RKe
intensification,2026863.976138033,180557.58693383442,2427095.654702007,307409.0103012359,1.5984208180680108,0.6578342249749488,-1.9177269320024266,-0.19461780931404815,54.764086931872306,3.537808697896439,-17.134463282213094,8.535547165786534,31.250348089849982,59.22685063649136,-17.592459589434792,-1.5385496062415587,3.339421528678873,0.8686971965628596,20.16093696337479,1.0457672384784653,-49.168410360150425,-3.5215635356225756,-37.61470635952231,9.21288904999645
mature,742558.327540793,289302.9306754301,5571209.584190904,591269.696084063,16.017377738562693,2.039736391802912,-8.908053992640067,2.777175356740182,2.10836339821453,11.167095837705157,25.679599741182248,9.270927414985454,394.0678153895693,398.1585260323172,7.914613592200756,-3.094142147199902,-5.619923906893064,0.6189827961352315,-3.7932020086141933,7.601775260508021,10.328826825258009,-9.810674076632653,36.58212549571907,13.354381503857685
decay,405321.28358483216,90983.85526946322,3797522.7156305313,476737.02953180677,4.497708306863699,0.25262745812415827,-12.429835494640649,1.1449295291630084,1.340676059341344,-0.7830985919611179,18.161732258365973,-1.2735808967424473,231.88814639326696,177.7385252680503,-0.5834412328759192,0.3629547302232605,-0.478822252221768,-1.4967954698306616,-15.743618356179349,-4.538049169056551,2.9308374534247474,0.1786051931693064,25.97322342676836,16.83923329611776
residual,618137.3588280268,48213.094166882096,2281815.5231770226,120834.40067904652,7.435400279789112,-0.3871955165430298,1.6170768112686398,0.4572073082601561,7.478732788133761,0.877867033298534,18.15823490386906,0.19389690211368996,-32.06792798729818,-30.717671885404297,-8.64029199285391,-1.3235654098132517,3.089382489014762,0.3684293501709824,-1.7985908770601753,-0.3577140601768439,2.6588544641270824,0.3349651416756339,29.009302871986993,-0.6082585407179505
