,Az,Ae,Kz,Ke,Cz,Ca,Ck,Ce,BAz,BAe,BKz,BKe,BΦZ,BΦE,Gz,Ge,∂Az/∂t (finite diff.),∂Ae/∂t (finite diff.),∂Kz/∂t (finite diff.),∂Ke/∂t (finite diff.),RGz,RGe,RKz,RKe
intensification,524060.3548085002,343207.9174218719,4631919.464155429,688060.7927039812,-1.2227352524723938,1.8616711555010026,-3.1161395201224873,10.991249787117075,-0.4139473844316649,7.769437652255532,-35.429206186873365,6.1574862354428195,299.9687373800323,242.2527556484027,-0.1421726009969863,5.370407712645051,-2.7628130463187555,-0.7778929438674491,-5.670927386308645,-0.7606549838547247,-1.709929758858481,0.5822480354930939,-34.09715357315962,21.02553052653711
mature,323257.5439719764,104070.22428987209,4370412.679802503,138162.30029879016,-1.487504164566182,0.5375726256944338,1.0030440412040376,0.04881887407772522,-3.768138950404132,-0.21343898571287065,8.195039202040913,-1.8763400877057756,104.62094461762368,164.0199122717459,-2.9505694093893933,-2.5009133986309107,10.247666558939715,-0.8545285976318324,2.8320899998555342,-2.689934302820158,13.065873970472099,-1.1298433635356708,4.878489078823236,-0.14063095201193063
decay,521182.6406763618,87889.86558392517,3514890.1172261587,256061.71060570076,-6.477604995604339,0.07629515801149783,6.232298464567123,1.8113973070774565,-15.96263645836863,1.7522053478160442,32.482899987784506,8.74041487349812,-152.2508645390752,-102.97719059899718,-1.9082296580407812,-0.6263591650600057,-3.762369684750965,0.25611339913556,-10.953885459358302,4.900680270366981,5.798956936024823,0.23901020038547424,43.19147891610558,-0.5811665543585249
