,Az,Ae,Kz,Ke,Cz,Ca,Ck,Ce,BAz,BAe,BKz,BKe,BΦZ,BΦE,Gz,Ge,∂Az/∂t (finite diff.),∂Ae/∂t (finite diff.),∂Kz/∂t (finite diff.),∂Ke/∂t (finite diff.),RGz,RGe,RKz,RKe
incipient,187172.86890889888,207519.9638934478,2250095.4629629347,262350.40041208017,-0.9673193347152699,0.5355162154015407,-3.620879405764821,6.1607422529659965,-0.5674636145267905,6.36082675424359,3.5303780404601275,-1.108529688387773,161.28516950830516,144.1478791193421,1.2666590093595436,2.024415652481549,0.7780531950546516,1.3230592074773344,11.461625365230656,4.014062481436229,0.9137136902677128,0.5874584907982021,-12.51944606525062,4.659029488906816
intensification,253873.16935841818,375736.22519722703,3046241.752572958,468391.1354361924,0.3462448090856609,1.8649725365959127,-6.412368370597721,8.996531024625698,4.737124258611449,1.600962765610778,-32.695337587202076,-3.8071702225246944,258.20199210506956,265.63605775852426,1.5197398996226354,5.2651450591387725,2.5696206860450905,4.307827623899677,15.15874621503766,1.9051516708985414,0.04371377311521515,9.838423346318685,-53.9202073637518,9.696577501800185
mature,513264.7708538744,506684.89144467097,4500435.663375231,422843.7902442515,1.6133143387227542,2.3742732511383027,-5.349659344433744,6.738504678782532,6.005455255037706,-1.6177454553205945,-11.620861274699969,1.089051860427071,398.21873440671936,382.44570300271977,1.81593381944566,6.389939654969301,12.345072458681777,-2.997658628510168,61.97259828976564,-2.2371523030520777,10.327204793505127,2.984318254454657,-77.32980457017659,15.414368186695425
decay,1307848.7722383607,146359.93543996091,7246357.842694104,338083.99728169636,9.974613744786849,0.18420353494980723,0.23580854765804016,-0.16173203112428627,21.249386768018372,5.008648648816069,69.82686612132011,10.633286071132792,349.23783656138374,291.4152156529867,0.4987162073525077,-1.7072194698664065,11.812418793074247,-5.578725947304241,37.837236573010834,-1.0482710726078401,0.7218493047925328,-10.9333101621944,42.20005184075417,11.284016564958307
residual,1507488.915691549,93115.28795430028,7124141.556822248,347838.5813109729,21.66733691187036,1.3736746332055911,-2.2903386117084303,5.252531576915987,5.360335299115471,0.8646027102478894,43.47557873624821,2.7648300110639235,189.43929603686888,221.2862123733165,10.01552848342625,2.624537427598503,-4.702513348627354,0.7121628604636014,-20.616741520794946,0.8809771767384625,12.978162897333126,3.726417093926108,83.46931855720511,9.426723022949881
