,Az,Ae,Kz,Ke,Cz,Ca,Ck,Ce,BAz,BAe,BKz,BKe,BΦZ,BΦE,Gz,Ge,∂Az/∂t (finite diff.),∂Ae/∂t (finite diff.),∂Kz/∂t (finite diff.),∂Ke/∂t (finite diff.),RGz,RGe,RKz,RKe
incipient,934882.5030014367,41730.704403766,3646774.07886774,223032.26733201873,6.378491154105116,-0.2247739584694785,-2.4712705672426063,0.23366844740011167,9.048593698232912,1.1034432654561264,-20.758318601602937,-2.302584248291196,52.09404498085906,1.2505869862274528,0.01887345389353219,8.709293879092389e-05,5.110338455703494,-0.5076605933845167,13.298331843043966,-1.8591905169698064,2.2154619531062187,-1.1526614529710528,-30.14942985778439,2.2615452833213276
intensification,1043818.9036636018,70862.59319476725,4791278.559105545,246862.65540598426,9.11270357247035,0.47648217202864773,-4.137221737569012,2.5817183304116322,9.666901314572993,2.0577594550280214,1.3012939087723256,-3.3547294640043357,25.78457121433882,5.184327882846384,2.2078462931073113,1.1959591593979286,1.7000725233542404,0.5467593710241675,12.712952778209022,1.4176560373145382,1.6223569532802498,0.5942360743791302,-6.436177034535348,1.9465545666617705
mature,1198763.7710265839,216347.66232678754,6256927.891326881,580408.4513305165,18.650188199136984,1.530998100943432,-13.939856792242463,2.4871131658894026,0.8464773550036925,5.431220301338926,19.112885125452507,-18.92413684796743,530.9234084449464,408.51882142825525,2.3123853284865454,0.7032459227213542,-5.061453824752222,2.173296772896001,7.606509519794781,1.8564074840039833,14.273255120324507,-2.3018084634969536,16.216707012552252,-4.353574373839546
decay,1043120.6999141086,204954.97985765775,6188507.87394889,332439.74130756006,5.8632845936784355,0.9386141161094591,-7.490500286290017,2.2376180092618414,-9.049220438769863,0.8338928205639607,-3.349198270769018,-11.994422647532998,560.3484355650576,404.3393408872782,-1.206893832020277,0.5844145033199222,0.8256809418476266,-1.338470093899651,-1.4755061125584408,-3.271589395422725,16.67680009040538,-0.873359021311229,-3.500907850822147,1.0052850434415812
