,Az,Ae,Kz,Ke,Cz,Ca,Ck,Ce,BAz,BAe,BKz,BKe,BΦZ,BΦE,Gz,Ge,∂Az/∂t (finite diff.),∂Ae/∂t (finite diff.),∂Kz/∂t (finite diff.),∂Ke/∂t (finite diff.),RGz,RGe,RKz,RKe
incipient,1266395.2725368936,118279.74839045026,4687671.809799196,153439.37633938322,-0.9600120462293008,0.8105247999067837,-0.49594007705062976,2.5254091527305413,10.500096169098782,-2.1452173529438068,14.094794303489815,-5.401941613875093,-157.28318799315468,-120.15052370192623,-1.4321301595338762,0.7460626497105115,-7.498030803812607,1.7752901607582137,1.3623751342920871,-1.3132340730077503,-18.14761421923391,5.635391866525778,11.276467045917801,-1.0673583110861724
intensification,921360.7199139562,177910.84091466988,4329995.750492118,244803.38847537464,2.3930901191950817,0.6154798383394887,-0.6287942258116973,6.194502349175445,13.126436773774762,-0.3484343960647338,49.47226976284757,0.8799334545723412,-170.13704602366587,-129.7963222509214,1.988369374025947,2.6368471167033753,-3.739270474634318,0.13938649802813996,-4.185228039605709,2.0457258709947763,-13.857137290874508,6.066843404928828,55.421793695836655,5.6575041585647075
mature,640902.6075259034,162354.78366518163,4090791.5651090876,467113.39272404584,7.53575278382656,0.818262547131377,-0.844679185249459,7.610673547441086,7.089981539699424,4.160618613978646,81.21884449403193,9.053895934627418,56.76360367912963,105.05426152215985,5.096589881597051,4.204532433459743,-5.052671019107481,1.075596093950857,5.085897972266094,3.8552802604676057,-3.788637227848969,3.7073884802819213,82.82402012034295,13.653968406850353
decay,292184.4370245221,306122.33546681696,3939254.065758443,655147.9154692009,3.497711501082893,1.1981767939043435,-1.3708698239100388,8.580246425939697,-0.22368160821901487,5.77694712112276,53.844359117349285,19.486718444412165,203.20332801420105,251.3981258405134,2.0383516907042116,5.240181717937325,-3.628086074102416,1.3634355482553024,-4.8961190429683645,1.2302918989432612,1.2914838291038337,2.968558059167898,60.867319837490484,28.207542795318638
