,Az,Ae,Kz,Ke,Cz,Ca,Ck,Ce,BAz,BAe,BKz,BKe,BΦZ,BΦE,Gz,Ge,∂Az/∂t (finite diff.),∂Ae/∂t (finite diff.),∂Kz/∂t (finite diff.),∂Ke/∂t (finite diff.),RGz,RGe,RKz,RKe
incipient,926703.5361829281,227522.60985685763,3756004.536279463,183292.98240424067,13.344420185536231,0.8940606201487646,0.14958783529817513,0.8267034084486127,8.892470327754666,-4.241544890341742,-20.187316265397293,-1.1969929580447163,281.58413191166807,261.14721777757995,6.984489171126849,1.064598424397047,-16.7273285268083,-3.2960030008619587,-15.180778575462329,-4.029189881048491,-11.381318048877967,0.8781846777796314,8.487470330899441,3.5093124961542124
intensification,828426.2392003174,293221.16371611704,3933902.067585184,223129.10185893357,10.150527430555993,-0.8547567412867741,-0.46175821472776124,-1.4110818748027134,5.1915230595061646,1.2011724141668887,-2.7706286543547702,-3.8194079251716966,310.99006188977927,284.1482708240425,5.309154078558793,-0.24238405231037363,1.4523543176995255,0.5468556774600966,4.820884873736933,0.6477065125421535,5.556601947462578,-1.2106418702227308,2.0972556877365274,-5.416438097788802
mature,996166.0991478392,199076.8929757213,3871658.0171661642,229566.4401372025,16.715706082493046,-0.8600509843099242,-0.6493897571823554,1.1275759720715364,7.986556290249128,1.790493718764748,13.021794099321239,-6.83644807789916,287.40277236437237,228.71188171112559,9.018037086180495,1.5505897522677228,4.358477303174691,-2.289116037903697,-9.10435300339459,-0.4171029407160803,12.227576111108682,-2.0919828002869845,38.19246342802652,-4.642379407929189
decay,915114.7148958336,74371.32631065854,2601194.324667031,319089.2211781763,11.35334154257341,-0.653332768891173,-6.700268951479706,-1.1013971383069552,1.3135935484014973,0.9948294990013242,31.554233517491458,0.48074856039809327,167.11069393322518,131.46594819882543,2.8279884268299402,-0.27529130480081065,-6.948375399592418,-1.2738192448618595,-22.5484285602401,2.609256645108943,2.4380398256883242,-2.7167131132789653,58.75573466882525,3.4703637284618996
