,Az,Ae,Kz,Ke,Cz,Ca,Ck,Ce,BAz,BAe,BKz,BKe,BΦZ,BΦE,Gz,Ge,∂Az/∂t (finite diff.),∂Ae/∂t (finite diff.),∂Kz/∂t (finite diff.),∂Ke/∂t (finite diff.),RGz,RGe,RKz,RKe
incipient,1341134.6827809252,99167.13791309892,3471795.6190274362,142391.9393907476,3.9496681438250176,1.1310767500706582,-2.9790092248739426,3.541172924928565,6.576696039473583,-0.19913105978340725,-12.615714819858617,0.7306990590305195,-87.18598887378145,-67.99362172362335,-0.5005164855484314,0.7029290377033331,-1.6134402856914825,0.4485244772744638,-1.4773510205985034,0.016482530026887886,-3.1093914312693913,3.057751711915778,-10.167704880309039,7.23439867880614
intensification,449596.63017540646,107670.06190332788,4708569.1262245,161777.27674471354,0.8977780308526323,0.5454168023773743,-4.235748770966094,2.977391150717395,9.7664087577822,0.3211032039824311,-45.17001507486876,-0.5516613852380805,64.9883382872197,50.88319891085204,3.5725359073313863,0.8747476499630591,2.6724728835154536,-0.07953453753753441,17.217032205288177,0.7069903043054236,-5.650741041036739,2.031336606820054,-65.7250180202704,5.954488232139985
mature,2254846.28621713,139333.62590191627,8059543.60315152,336661.9558952636,23.58253723115457,1.5082303907305608,-10.659313546716437,-0.22578014177618408,38.95824403152007,0.6965154217392316,-61.000428644303504,-4.091979068813713,424.8735367749672,360.2113130959808,3.2315448708708567,-1.0000853333721016,9.084635562668444,0.11675265621943333,14.918603023235752,2.7914305128535206,-4.782840846966478,-2.313773298026543,-62.99580798310111,3.5501238232730183
decay,1072526.599320976,84047.26864368425,6264959.326615788,320402.39665990387,16.924453931375467,0.8161699656274158,-8.207807427618457,2.953284280866171,20.541132299275034,0.003033714227249433,20.619792372553956,-10.768477232937395,263.63098011530127,264.02338119603974,2.015492995725747,1.2244843117388873,-4.846379541129462,0.18559736522243908,-14.780242843217199,-0.2519553912260137,-7.646887943401627,2.319677966233945,44.11668171952815,0.6445698667732543
