,Az,Ae,Kz,Ke,Cz,Ca,Ck,Ce,BAz,BAe,BKz,BKe,BΦZ,BΦE,Gz,Ge,∂Az/∂t (finite diff.),∂Ae/∂t (finite diff.),∂Kz/∂t (finite diff.),∂Ke/∂t (finite diff.),RGz,RGe,RKz,RKe
incipient,1484221.9908665696,66350.88017880444,4457339.660043365,178863.38242250276,-5.805035118405597,0.6851557370822559,1.47896713947095,1.4339897890310969,5.789466467401564,-2.7394294062683224,16.385984370004316,-6.462678280375016,-58.649261908911306,-6.377171232170008,-3.8084658995152862,0.43460385859219586,-10.525550527000675,0.6961706026630028,1.2063569524707178,-3.8209150579429143,-21.434896375725582,4.184434060880166,10.853559438598955,-2.6867405728719542
intensification,995834.7064687344,188085.6096327747,4344577.95756464,192121.65725735057,1.2540725898402827,0.7143187654604936,-0.7886951382143177,5.791155742215509,13.123716907666173,-0.8145162392668301,34.84728391400959,-1.0784817663067336,-214.02892151088975,-183.89637800693924,0.9337885823728987,2.2741649220242794,-4.552112128440592,0.7126664886982297,-4.94621207167035,1.9584974327723543,-15.707437680805992,6.6040197047200735,40.258873437305915,3.5428716813507384
mature,680700.0769823971,141225.43736915005,3938302.4331785133,435262.4574062087,7.368271342650219,0.6378517004551784,0.015450648272238769,7.203796120708092,8.983438892013183,2.6191260500972815,84.26216377646877,9.085929649341699,19.827393475152977,75.03025320118525,5.263823897758165,4.081427628424943,-4.22935144753594,0.26681664643396535,2.4280234470547044,3.655543070836401,-5.206667296443724,4.213635016589599,89.21786232033652,12.618732050941153
decay,224996.70026794964,336998.3564576718,3755519.5879742387,684111.8416184882,2.3993193260399774,1.2303741493570348,-1.6528566924230228,8.80776725258027,-0.8029773939582461,5.822326444405057,45.7509327408924,20.507689180520707,216.43345992249687,264.15936795679943,1.4114757760740133,5.332937148951412,-2.8560711792409084,1.1275978299693494,-7.006563826348069,0.29457707827992735,1.5765996901143482,2.8826644887875292,53.50395920085743,30.673736047244077
