,Az,Ae,Kz,Ke,Cz,Ca,Ck,Ce,BAz,BAe,BKz,BKe,BΦZ,BΦE,Gz,Ge,∂Az/∂t (finite diff.),∂Ae/∂t (finite diff.),∂Kz/∂t (finite diff.),∂Ke/∂t (finite diff.),RGz,RGe,RKz,RKe
intensification,961214.0631624301,152130.06311255659,4227716.236256301,204549.17764347635,5.5608857435310375,-0.38376212521342806,-2.7471175316052356,-0.13845549066100776,14.898179824277003,0.5327284261190145,2.084569078019227,-1.3292279100835507,-51.36109756040196,-86.60008770847804,0.41644292354048623,0.5326231732561466,4.562727756005922,0.04492256178276696,14.400786534952857,0.6999631567955024,-5.158328449953473,-0.24249922978382588,-9.50244924500784,0.5794709740651757
mature,1774103.341480136,287450.6092811037,6443719.194300376,567022.0051950635,17.742495955704296,0.34849267150126584,-9.022347107061469,1.098243422460858,47.99737387717296,2.269053965576618,52.11689329993529,5.236569775994708,-259.3825271006135,-312.5029987957955,1.4327849304452658,0.871810538149414,-5.450252871165018,2.514293435828751,-15.657493266449835,8.263396373484088,-35.35663812113243,0.9949902212117256,76.49453541502795,7.093763932032946
decay,843941.9402973116,544115.7771630167,4430475.813657888,1497481.2997371329,-0.5756005641776499,5.6946686753382645,3.3976970280482104,20.32956094427267,22.710449031105437,4.396940116053735,-17.877243514174378,32.36411108271365,45.954065684935365,32.22058273392694,-0.6443484486382346,5.202891465006602,-7.740225322509896,0.6790785774995518,-17.15808936041108,6.43775586235052,-25.331606242454722,10.917030730380217,2.1029423101072644,42.8582191365876
incipient,514834.1146791815,321668.21418696555,3274924.676697758,1322542.6607695075,-6.513483601921662,-0.72020805090639,23.46866168255258,4.900754591287364,-14.029470848020262,7.751037696620093,-50.711695740822094,26.55699941422565,97.3551931671435,83.74030110190678,2.7009122837425688,-3.1291585936537674,-0.3537303441296612,-2.995197757114476,-0.06772560787305867,-9.149212364958668,6.442048851062552,-5.125272811540814,-33.68879205231811,17.13830468791909
