,Az,Ae,Kz,Ke,Cz,Ca,Ck,Ce,BAz,BAe,BKz,BKe,BΦZ,BΦE,Gz,Ge,∂Az/∂t (finite diff.),∂Ae/∂t (finite diff.),∂Kz/∂t (finite diff.),∂Ke/∂t (finite diff.),RGz,RGe,RKz,RKe
intensification,661496.2935977979,161637.69981234462,2984718.753591655,449531.2801114098,11.640103788373965,-1.9108723295566914,-13.417278914895878,5.241773821763577,9.749307546275823,-1.7032750633991667,-51.985677183293966,-2.560505566707034,-69.27587274702002,27.129717321095384,2023.442695431195,554.8033841327276,-4.404638801877355,2.0097925944827937,-9.387390729847386,6.693960214584395,-4.424714889335908,10.86571380920223,-44.375461579968494,9.404586955368028
mature,380514.3462637763,425921.6023359734,2723405.939149366,1595422.1851106775,4.790374467473989,-5.413317364163188,-37.40309392874735,18.579088700962927,9.704435544274727,-3.1751927485547973,-61.05712123140074,3.3926425737408055,131.01691702644197,31.19701627241685,1577.8353429360748,1853.8992419406982,-0.06687898515210457,-0.5394822763372131,0.9716426638499115,3.356539194447502,-10.394257426116026,26.628116537343693,-94.64148335652399,56.01828600900361
decay,241044.1287263711,118882.06019487118,2797388.236797414,516769.20460047893,-2.1001347029627033,-0.6838979174164179,-7.535785151649444,1.0240410158616866,-1.3569362997134813,0.9029304015426936,-4.833765492027973,-2.592672127460334,104.02342382680119,-10.770562507338301,-167.64273270209745,86.66949223010384,-0.606860412242058,-0.5486700286263864,3.361891209256052,-3.6988054005011146,-2.033956732907701,0.25633850310902623,-17.83157655589618,9.665959440551912
