,Az,Ae,Kz,Ke,Cz,Ca,Ck,Ce,BAz,BAe,BKz,BKe,BΦZ,BΦE,Gz,Ge,∂Az/∂t (finite diff.),∂Ae/∂t (finite diff.),∂Kz/∂t (finite diff.),∂Ke/∂t (finite diff.),RGz,RGe,RKz,RKe
intensification,661496.2935977976,161637.6998123446,2984718.753591655,449531.2801114098,11.640103788373962,-1.9108723295566912,-13.417278914895878,5.241773821763577,9.749307546275821,-1.703275063399167,-51.98567718329398,-2.5605055667070347,-69.27587274702002,27.129717321095388,22.650117464769373,4.0931477711237685,-4.404638801877355,2.0097925944827937,-9.387390729847388,6.693960214584394,-4.424714889335908,10.86571380920223,-44.37546157996851,9.404586955368028
mature,367092.4612162182,327798.1564081973,2745285.5456796894,1373550.612554226,3.3176358217646515,-4.250107849530514,-33.404570448990995,12.974312790851167,8.144119853903558,-2.596241053446065,-56.494043580997214,-6.721236244331849,157.65977856536995,20.823165749890748,5.792942967621298,7.034994571736057,0.2859015193736837,-0.46944582472415153,2.1550250737818657,-0.6500754324147888,-8.790690362295736,19.351215869103594,-88.73600328200543,40.3077224279251
decay,224183.71288947572,105557.80583297025,2826213.7959718937,335427.81507532275,-2.1119317221373954,-0.2976028616098061,-2.063779325156829,0.49419245893529806,-2.3817030215403134,1.7966863824386148,0.5671330604979129,2.894919170327143,93.86386360326813,-11.885007232981897,-1.4390911291231034,-0.12913756298455611,-0.6125411371507105,-0.13092480455154973,4.3890967329006845,-1.5802377728267882,-0.6403726993575986,-1.1358158664450597,-7.997674719696998,7.033128727246058
