,Az,Ae,Kz,Ke,Cz,Ca,Ck,Ce,BAz,BAe,BKz,BKe,BΦZ,BΦE,Gz,Ge,∂Az/∂t (finite diff.),∂Ae/∂t (finite diff.),∂Kz/∂t (finite diff.),∂Ke/∂t (finite diff.),RGz,RGe,RKz,RKe
incipient,1133769.8941591994,74535.36850301057,3752477.352254298,145270.13656463166,4.116746998106947,-0.09655040085616548,-3.1904172285391215,0.7421151420529972,4.2260948318169405,0.14954370278677998,-26.393798610194633,-1.3696984520532005,-163.53419395664665,0.703410962201161,0.9242416036395609,0.3089682537097048,11.276895783289277,-0.3233581002047992,-0.8519538394882532,0.05308666319266954,11.070997548723119,0.3657637399175836,-24.615515001138558,2.5097472553462485
intensification,1286895.3695507087,112564.49512344941,3647680.443016658,270898.9855803738,12.464546766128748,1.0614359877729536,-7.0346599247285875,2.6136553962138622,7.523018828060553,0.20884190469888933,-41.05936234761196,0.09758019049924878,-94.58183101137563,2.4732217174649085,5.2754909088991395,1.536714348376484,1.4551160478448952,1.4357749504214152,2.3326077552555176,3.728730360163197,7.458079973686049,2.779152454163434,-37.96208326146732,6.0171651512785
mature,625379.5948869222,336167.8349524495,3490394.169621769,1233716.0377427558,0.27345294373759566,5.070895726020294,-29.132779304197754,12.802836434334905,7.278825686741334,-3.938572594455547,-56.18837212884655,-1.801967543564642,161.60566081634792,-7.064277820286869,-0.0026815593337440415,6.802874477116894,-2.9015036992265655,0.10263973844357673,-2.1366462725677176,0.9186974173596268,-4.835980716210002,11.773153041213735,-82.911052216739,39.21495077760838
decay,400811.92840429535,115555.72383067095,2901078.8344424316,491467.0556145081,-1.6305856583748517,1.7060408381544663,-13.346531978263009,2.523970329919219,0.9813563622459117,-1.5278732307899123,-49.77496898049886,-9.533832297048006,258.22272539363604,0.7875863419962714,-1.5687425774166477,-0.2630887113455513,0.12184240717329789,-0.3464087353936138,-0.7575662189271816,-4.827312112296291,-0.784058775293,1.9993939871610527,-63.99452039820952,11.163982123430513
