,Az,Ae,Kz,Ke,Cz,Ca,Ck,Ce,BAz,BAe,BKz,BKe,BΦZ,BΦE,Gz,Ge,∂Az/∂t (finite diff.),∂Ae/∂t (finite diff.),∂Kz/∂t (finite diff.),∂Ke/∂t (finite diff.),RGz,RGe,RKz,RKe
intensification,427792.9010798266,338372.06725647085,3787943.564366688,1164164.192460468,-12.891694598656855,4.109727947430516,-28.063016724697725,33.80090778067841,8.350754315338866,6.295635623662999,-63.442164416943726,16.99729026216428,172.4603089604778,-18.97834440857076,-11.797068627814664,21.23240587500131,-3.455271458160499,-0.00015814247974521578,8.273651825714632,7.795438847555368,-20.5879924247257,23.395386067105154,-112.67052756601295,71.06577591998506
mature,364515.00853315403,209450.50661497263,3594991.7555935225,798496.1393986013,-1.3295094371578313,0.7297766320296813,4.494358717973557,10.979345072242086,0.8208015274874004,4.598993242624938,-28.205695506488954,13.26829128717077,90.59808564245793,7.4696851294312125,-0.8698633904674555,6.613800646327182,-0.14312437425668534,-0.7554955183692078,-5.653146535798401,-2.7850770391221564,-1.563658706872236,4.895079679218264,-19.387699689874832,22.538354680561447
decay,268294.49252492504,55041.06401951261,2071626.4080899328,242336.42332398792,2.1777937593084387,0.23256328396070644,-4.595132874772637,-0.0604945184686313,2.679830684027937,-0.4977663469904806,-17.82784460082821,-1.629124994128083,37.518544776910026,-1.735628426886477,-0.6073801145767901,-0.16228621377570587,-1.3833479678142968,0.19095452291086554,-1.1681947632717569,0.5811014937947827,-1.652821608573087,0.3956630674720086,-19.07698895302065,2.3244118683811403
