,Az,Ae,Kz,Ke,Cz,Ca,Ck,Ce,BAz,BAe,BKz,BKe,BΦZ,BΦE,Gz,Ge,∂Az/∂t (finite diff.),∂Ae/∂t (finite diff.),∂Kz/∂t (finite diff.),∂Ke/∂t (finite diff.),RGz,RGe,RKz,RKe
incipient,764859.0845858302,55069.70339276209,5689087.632540234,119324.82200162503,3.230689488935406,0.1679158844510773,-0.5903555718904473,0.11547520213445846,0.8148950701745321,0.36118124056100886,-24.046862334617998,0.0076369869836430924,168.5972026894952,1.7318195493794055,-170.79144836967492,15.987065416342624,5.003593426473417,0.39376800616756674,9.413773047914786,1.1280725981148818,7.587303729685368,-0.019853916710060798,-30.820301465487816,-0.414604837106333
intensification,796859.67969467,168493.8733505612,6415155.090384973,260080.52299294883,6.300309853462356,-0.05680435967214015,-2.2722089465829427,3.1403999734950077,2.0631926086945347,3.9825412250233265,-60.31045091360123,-4.883190227416576,261.8864605104685,6.39416720964817,-154.768034986711,312.61461715989117,-1.5342524820860848,3.592633693165643,8.350996123604371,3.518793533471199,2.6460604030095958,2.807296801309466,-64.63334613032619,-2.989374840809824
mature,467281.6210230104,577520.8972615468,6773252.944184486,864814.3108550232,-10.488025172464214,-5.35066042668349,-24.955477617383067,12.58821669189573,2.1519913612815547,-1.3849799461382675,-54.98774573369241,-5.16463700348549,350.2635496039798,-10.761541172892711,-1864.8496895271783,1450.4391895020317,-3.179555464297515,0.059256891990677685,4.498019776315354,2.58695509038677,-21.17023242472677,19.383113956708176,-94.92926829985502,29.79210221540653
decay,362660.37037976255,151703.02550297457,8831258.17174495,340709.724150089,-4.707501770012127,-2.464828052746997,-13.143331845563567,4.941640844613477,3.8186600816772285,2.1769975097307306,-20.048493105217794,-0.4719566724627428,127.63672852343687,-5.9039523489337,-1261.355354107328,549.4802273252144,1.7588585012879119,-0.82890503296455,-3.8433343474977186,-2.8857554315459644,-9.232131403148438,4.400566354665195,-34.05599237329577,20.498771449260264
