,Az,Ae,Kz,Ke,Cz,Ca,Ck,Ce,BAz,BAe,BKz,BKe,BΦZ,BΦE,Gz,Ge,∂Az/∂t (finite diff.),∂Ae/∂t (finite diff.),∂Kz/∂t (finite diff.),∂Ke/∂t (finite diff.),RGz,RGe,RKz,RKe
intensification,779202.9240905035,255650.10200577535,1844695.6157991218,483345.44946659444,-0.7920981036230964,-0.7587677933063948,-0.6204283288584584,6.1423189191139125,3.2456037123442885,2.5600286045679206,8.165543572297892,16.941811685666995,-8.36789534629498,-8.396834636224485,0.20189311731366247,8.02540891645503,-10.350624724967426,0.3344222347120764,-6.5708883736904005,5.142959008805998,-15.147094334241206,4.6754803425644615,13.323905513506737,18.561599924833363
mature,326368.8855629317,277943.02113833965,2027372.0076934423,1064039.8096513674,-1.690699419784609,1.165343451744995,-9.776897496638288,11.260471897641146,0.8163787969179713,2.293350628194868,-4.449455984693321,5.775330814418595,70.80742247778701,-3.6207020094542215,0.40567700439783677,8.750592551928726,-3.754891960798005,-0.03962197486677224,-0.3094204976447877,4.405995414391524,-5.0966267257555895,7.762155842834515,-15.607632403471433,22.406704794306503
decay,153357.57737855203,223128.87162940842,1968593.149495612,1293117.067220395,-2.474415450717848,1.0196994177705965,-14.676900672818478,9.314711430395665,0.02765360757751983,2.647276668823288,-22.172773494826682,-7.294297791680396,111.29226421607594,-1.1314583207380926,-0.6332147087994606,4.927691778987703,0.47690331020264437,-1.8704119791642253,-0.9404852988420856,-6.708075223740809,-1.0054663303221274,3.7773233646375535,-38.383604319520906,23.405389535274562
