,Az,Ae,Kz,Ke,Cz,Ca,Ck,Ce,BAz,BAe,BKz,BKe,BΦZ,BΦE,Gz,Ge,∂Az/∂t (finite diff.),∂Ae/∂t (finite diff.),∂Kz/∂t (finite diff.),∂Ke/∂t (finite diff.),RGz,RGe,RKz,RKe
intensification,229534.64038037782,203880.1982885637,1970159.1279692715,565078.3409252707,13.956229677316637,-1.1557373821455734,-3.5767195928161746,11.489224490886242,1.38439959687938,2.4911551712804627,-22.066879711315163,2.0583541697774765,77.33765597512621,8.514970541880848,14.351867813264025,10.333390880692686,-1.6061719539413726,2.6139374882418935,6.536867159847765,10.076729490246176,9.80992074435031,12.767744189993246,-18.224236786662463,7.047568763233716
mature,174304.72680572793,294105.2373204602,2080357.7144592954,1244485.8931797638,-2.236560914535418,-1.71338637420092,-12.450249676221253,12.92983355585725,0.030968685574609037,2.3503036331271763,-5.038932318740286,3.5697396132819468,95.10078085275376,-1.9684024504702446,0.606654789787465,9.221863201825718,-0.7638752742255455,0.15826344889614155,0.1382855498765997,5.439025424887708,-4.744791248536493,12.451179745827137,-19.864028459373557,23.51079742047274
decay,63477.53679264269,132407.16413416897,1686447.5367499345,721918.2842225503,-0.569836315150841,-0.6872237479161777,-10.22721340978718,3.7375411028383447,1.3536513402812536,1.2461782502654406,-10.504030828099491,-7.565917049312925,65.64279878300988,9.138209231701206,-0.17630422138099525,1.026718045634991,0.046617016149001565,-0.7272705413503646,1.6219658738081337,-4.114196543519799,-2.5640943871992707,2.451316059138717,-22.923046426845644,10.513034006832397
