,Az,Ae,Kz,Ke,Cz,Ca,Ck,Ce,BAz,BAe,BKz,BKe,BΦZ,BΦE,Gz,Ge,∂Az/∂t (finite diff.),∂Ae/∂t (finite diff.),∂Kz/∂t (finite diff.),∂Ke/∂t (finite diff.),RGz,RGe,RKz,RKe
incipient,764736.9487034616,56410.15142037301,5733210.257547874,123375.53051006678,3.6435725969071626,0.1640019908971186,-0.7230705598553439,0.05145750119721006,1.0282683614469064,0.3505788229506289,-23.377817563465992,0.031090009304020432,170.71527837806207,1.8582883512241646,-4.200745577382777,0.4462487614527278,3.917781718070992,0.3810914542283106,10.525358487950426,1.1391619354402143,6.697087944428368,-0.08203185842222684,-30.982674014364598,-0.33354386508364
intensification,788455.8796420707,173809.64771002586,6452470.04591269,267583.96407328837,6.654765614169691,-0.06643967912883282,-2.362055230666654,3.266001340778889,2.1244861956979606,4.172905816530566,-61.94824576790984,-5.1351855534252016,265.819280416843,6.634038499328102,-9.213632180562252,2.582403332662904,-1.7237507716892002,3.736325507328667,7.733169759058572,3.6402339354889977,2.7400889676536972,2.8958607107058225,-65.38870514346539,-3.1473629174686564
mature,426421.985764116,409909.5509796712,7326524.061420083,712192.5639514126,-8.907666600190037,-4.363136185713046,-25.373350277365954,9.65886006209143,1.6385863847335895,-0.7322163506680561,-59.412167108443,-5.275287989905285,289.13539736371945,-8.827151109158264,-12.03799928302765,0.5599518649791027,-1.5419816952911953,-0.39290674611334325,8.06477422034189,-0.28306279983929034,-16.451370865927867,14.361305852359191,-101.75795820634087,30.039985149391388
decay,390400.5573033318,126790.3804263499,9195567.834340343,215910.43497227874,-3.302412786047703,-1.5862358062256003,-5.369975536376816,4.058315398786468,2.6261135814650802,5.3701984474554525,-15.180552372182756,1.8844077156841406,91.82454088868573,-1.93469388118904,-3.253652886110518,-1.8833335798717512,1.7946872424771625,0.4210631710538161,-9.526949379436282,-0.9533720831702499,-5.720074931261221,0.695415928610432,-14.325991315170993,12.266070734017676
