,Az,Ae,Kz,Ke,Cz,Ca,Ck,Ce,BAz,BAe,BKz,BKe,BΦZ,BΦE,Gz,Ge,∂Az/∂t (finite diff.),∂Ae/∂t (finite diff.),∂Kz/∂t (finite diff.),∂Ke/∂t (finite diff.),RGz,RGe,RKz,RKe
incipient,996922.0255242407,148653.5009123979,4994382.189434362,221684.5966571877,-5.828843767019842,-0.19957995792463504,1.0837254977139281,5.029021518907841,-5.791012309077869,7.222932000795117,-0.615466241274896,1.1942716996563423,171.2865979187861,-4.149430792292994,-1.320959285513694,-0.3227577412280929,4.324398163909394,-1.163825098694696,16.570458009409347,0.3292459575991678,4.086986748042783,-3.1581556226573335,-21.93104251999016,4.810321763251089
intensification,1001391.4674936738,254436.9427528051,5759201.290821325,317049.4028668312,3.1794394525829657,0.15741439818799435,-1.2512033431412874,4.82297438677475,3.694167894741743,6.947359728701152,-45.16208903255973,-6.328753523281941,240.48052004616883,5.4459823607730975,-0.5923855609827445,2.392306976869783,-1.2439596251196636,3.19535047527597,8.878639985992248,2.0618242017411665,-1.6012736690904479,0.9135507351615713,-52.112492909110294,-2.3163999951070666
mature,803962.1307059755,403738.58791745506,6014113.587572112,619974.0623956211,-8.728630344438733,3.734016819161313,-18.65636026090165,9.693498369689594,-2.6741609199123766,1.4821392499522987,-58.566238453810925,-7.105873297698624,259.67677306896707,-7.718782271486103,-1.8045160763466201,2.0757613758223097,0.5260775603417654,-0.7497994948729014,1.2694003106297211,-0.489010339830236,-1.7943750450232756,3.7275428057030795,-87.22062936978102,21.732995672722854
decay,1159573.045071017,106865.44886744709,6454174.572016714,205368.31136783585,-7.07639226571152,1.581244426033127,-5.871810972435512,2.4301184317425353,-0.8792229532737781,2.929969546477452,-36.52033786179425,1.4966288201624354,134.4344950157318,-6.495919573020854,-1.9908948428123623,-1.4227042506897396,3.566902534545595,0.24468818598274172,8.187843412358125,-1.7285803088698874,-1.0490223518590163,-1.8364073547853017,-57.65638451229941,11.527138533210369
