,Az,Ae,Kz,Ke,Cz,Ca,Ck,Ce,BAz,BAe,BKz,BKe,BΦZ,BΦE,Gz,Ge,∂Az/∂t (finite diff.),∂Ae/∂t (finite diff.),∂Kz/∂t (finite diff.),∂Ke/∂t (finite diff.),RGz,RGe,RKz,RKe
mature,533792.9309138682,386413.63306802453,3734395.075283732,1387237.2123112094,-6.086496180261293,5.1231591229276985,-24.733024895774633,20.750114306017668,13.411988964534448,4.372345151647423,-48.82016102952603,7.0731320549668855,153.0792774182818,-6.0512242038740665,-6.743144422470339,5.683912969029293,-0.6954844132686404,0.6488640218885489,-0.6930371270033819,1.7980669665752265,-15.070810435136682,11.903474053331088,-78.9466449785586,50.75820429018394
decay,196422.73736594938,334511.5674712396,2920015.6584493695,1131169.5232936488,-1.6181476858707673,1.7544438590720774,-12.369919189186515,5.6082757018852805,1.6177372361428557,-0.8926130045049302,-39.92704339112936,-5.770485085767651,219.11256020526045,15.33007913204904,0.018194772993933933,-1.9051482623360607,1.4320190979377563,-4.2260145336802655,-4.807270758014919,-11.523059956053954,-0.04942196500378875,0.5204303136378687,-49.1078395081717,23.730769761358104
decay 2,293074.37185224646,137912.78866772202,2302618.6602262184,387815.916399561,0.7549635814283493,0.5568567488652659,-3.970404106408861,1.620516200571525,2.887600883457076,0.5558577574630086,-13.28366828452913,-1.2215366382272126,44.118652652549414,3.8017112176702326,-1.1089565043729799,-1.4135657921218272,-0.25510068452596996,-1.0968465684366349,-1.0055579640324837,-3.2556474939851134,-1.8308812376894303,-0.5890448741933842,-15.493550845477143,7.625031162738298
