,Az,Ae,Kz,Ke,Cz,Ca,Ck,Ce,BAz,BAe,BKz,BKe,BΦZ,BΦE,Gz,Ge,∂Az/∂t (finite diff.),∂Ae/∂t (finite diff.),∂Kz/∂t (finite diff.),∂Ke/∂t (finite diff.),RGz,RGe,RKz,RKe
incipient,970857.3993901929,135908.60177050575,2854210.1746893805,211621.66926076906,4.571478685728042,-0.1852337170161495,-0.8196365530005133,2.5974293129279737,-2.6389172267707934,4.496403062031837,-20.683606572544086,-4.361843317610361,115.03288327852374,6.949326339959745,2.301106084636906,2.4348706191611007,-3.3156022560282876,1.6398313628751329,3.2281846772351677,2.7496661499486654,3.7095599394543997,-0.07390866921258069,-20.159949117051717,-3.6944436016305375
intensification,754913.6600848916,250314.33873352647,2776871.0978410775,626434.7972054156,3.210601643763101,1.5624364928963803,-3.9563603608082216,12.953665468597173,-4.884299482620532,6.012159898530745,-52.726910022876666,12.193426825845222,126.4619629429799,2.5052562928494564,3.738305372096803,8.563373855172399,-5.562133183539798,2.3747932072464333,-5.0390196436726225,12.811923614352255,4.095204435740217,7.75386228441648,-48.43364909624916,16.291529040898368
mature,354155.0860517435,262323.9340822276,2277939.3429243965,1264819.8151981211,-3.175074405139997,2.1515795298242777,5.747296203930406,15.692702864306828,-5.668058621552298,1.3598873882444726,-52.07118272438617,25.08660559419961,60.283048457296196,0.7295660425595851,1.2023942657267466,10.369600130284063,-3.0661843716237858,-1.049718121783155,-3.5731338152862,1.8298823120062107,1.5783793746127919,11.131517824454924,-45.92582711030957,33.20212994256982
decay,206794.7055088278,101385.23560717468,2413421.430927406,852914.7868741307,-3.7313274318561556,-0.5349237151035507,16.28765680984706,-0.3983077297738922,-6.717268780385484,-1.415845102829244,-7.433959668559729,2.735833505715478,7.637127420392445,7.475140845381236,-1.1829738720497027,0.0879342670330625,-0.7696117715906865,-1.240610077694451,11.477299709297954,-13.78996811322677,1.6814058618350918,0.3118510104644513,-6.354929999866778,-0.16016292067869956
