,Az,Ae,Kz,Ke,Cz,Ca,Ck,Ce,BAz,BAe,BKz,BKe,BΦZ,BΦE,Gz,Ge,∂Az/∂t (finite diff.),∂Ae/∂t (finite diff.),∂Kz/∂t (finite diff.),∂Ke/∂t (finite diff.),RGz,RGe,RKz,RKe
incipient,444927.09741973755,98510.86926914928,3650607.030772837,262894.85675384663,9.814142547935996,0.2853651452905993,-1.0048999400474918,4.771275352446912,-3.912423117199391,5.86328505996978,-40.56985054146479,-5.091116635185308,156.22535335491273,8.513568545377982,3125.861762740935,503.5937093055006,1.5769924274871674,2.7714562478371514,-6.838878213391373,6.603556576695039,15.588923237913152,1.3940813950236826,-24.92172972018491,-5.918497919385944
intensification,393605.86959683674,253792.5754481379,3025771.7382246633,895566.1078047034,-0.0779156287046449,-1.929163342157769,-3.398893606819503,18.65133452193731,-5.590472110698377,7.4162471902714735,-74.29291316887053,14.954987456425593,145.93193241143322,3.472544790619924,1216.4726112048415,1897.861991490846,-1.8417164743730163,2.7314876283936944,-14.572633352784438,10.984991909794218,1.7416766654629434,15.895738302217307,-63.19708905161024,26.020223675388195
mature,267575.7055633236,267154.7563971268,2187127.909276864,1419138.6406439496,-2.0433253219338736,-2.1313251139529275,7.661905027189231,17.254468055989257,-4.374975447122435,0.8122587099646442,-53.83293588758324,27.108819506317886,54.41445717372869,1.8885016028246517,198.37290571358224,1811.6287261376806,-2.3101557808957716,-1.8630279979869118,-4.871478865517629,0.7473805075480677,-2.1098307696601375,16.710506461990622,-43.342877316810245,35.95400202756984
decay,104747.11970083209,88077.71824960093,2445889.7978747394,781873.4506301873,-1.4244748933385463,0.2801497094478079,14.64629051331114,0.5276588509563581,-2.6505185838223486,-0.9684789066833692,-5.026950738086024,3.21244973098058,48.529778477376524,3.8517873923375032,-170.328997807248,93.59738417692404,-1.6912989039204112,-1.4896167916215792,10.786635668815451,-13.423933007761459,-0.18510550398880093,-0.2736287434296596,-2.5917707869288797,2.517751076387252
