,Az,Ae,Kz,Ke,Cz,Ca,Ck,Ce,BAz,BAe,BKz,BKe,BΦZ,BΦE,Gz,Ge,∂Az/∂t (finite diff.),∂Ae/∂t (finite diff.),∂Kz/∂t (finite diff.),∂Ke/∂t (finite diff.),RGz,RGe,RKz,RKe
incipient,459535.4283942928,58395.376963697534,3663210.5755382823,158518.144862632,13.163889082402017,0.17097309724069026,-0.8649277900004033,2.5659667115901086,-1.7995911347087286,3.1023047060211164,-31.533223482513982,-5.220996789066874,136.93248083975544,6.730729876574729,18.522528049622494,1.470687895551969,2.025390770511092,1.1090833887916314,-1.7756703530561382,3.9918843286821257,17.159844084862527,0.4017722971199332,-17.458591837056233,-5.781986616158489
intensification,442459.01918029186,185622.99766973805,3311347.562452763,610644.9156691689,6.1224513564107115,-1.0850347297327254,-3.1727295667955073,12.598866443116039,-4.908124010459303,6.263191418469377,-59.21480578660226,7.725533828564922,151.63643027709185,5.153482368351251,14.943378263998795,7.832143108151716,-1.473347963526237,2.3478502050116106,-11.27103136421157,11.709454000682223,8.472192673611053,9.768559959391,-44.994052632775485,11.787675837794248
mature,294288.17978087865,274565.75354654517,2317985.69022589,1339176.0741041978,-2.1822684750315675,-2.078059693083399,6.030243511417464,17.347524016484133,-4.850030507326824,1.8846990034253097,-60.18868627059216,27.1067048871627,70.77756006474539,2.195562289735344,4.911289611228958,12.19436701748695,-2.1479598599883647,-0.7855596160196312,-9.766762030971737,4.822444483679324,-1.558257520776507,16.755325090122586,-46.57394920323453,33.60154090855004
decay,109011.96096674436,92127.78063210958,2432980.287398395,806625.3901909016,-1.4323750115346472,0.2398528242646646,14.601447001962912,0.8521724128974763,-2.7269130628036544,-1.0473944264454624,-6.019708312241933,4.154814213230494,47.92654510470272,3.851975257340166,-1.0849811535431708,0.725261869987701,-1.754508065747171,-1.5840867918153188,10.392186632091413,-12.929383188737324,-0.22011719021349835,0.07562722326295516,-3.2428229539050824,3.3349228129023816
