,Az,Ae,Kz,Ke,Cz,Ca,Ck,Ce,BAz,BAe,BKz,BKe,BΦZ,BΦE,Gz,Ge,∂Az/∂t (finite diff.),∂Ae/∂t (finite diff.),∂Kz/∂t (finite diff.),∂Ke/∂t (finite diff.),RGz,RGe,RKz,RKe
intensification,1257214.2286932392,134478.76006428522,4481108.64194751,240630.2622583595,-4.832112568809981,0.2171035669855622,-1.9424314920092114,0.39020504186313293,3.8579778203047406,5.051662946018363,33.52363848582281,0.6356611688080013,26.499814810775653,1.0243287342014626,-6.682868557683582,-1.395878864561778,3.447903353120104,-0.020149907975678734,4.724210838551414,0.8579930247225878,-5.025083469009055,-4.898711379116471,22.024883586452198,2.1103046779577572
mature,875238.984033429,144326.45721988403,4548262.050305817,434090.87811067293,4.906456731265738,0.3582780581504644,-7.559303410117819,6.304521814346164,-0.17734775823277624,5.244954185884691,-6.300198131126258,-3.8786253976200364,164.23087202195998,8.730736336661046,2.110299963321178,3.8658449495111844,-3.393672568634376,-0.07165521508726684,2.939212962706617,0.9014784499433488,2.0484099790146013,0.6296343552237426,-11.89225777268496,9.0837213769006
decay,608120.3938047069,128358.91580186179,5158692.744947101,433624.7674061396,7.994534069425381,-0.13972710555769138,-2.6923972845057285,4.171900555045799,-6.77779561703276,2.225292645485066,-4.682116746642927,1.9045280142325547,285.225678254188,12.615606304763759,5.223269896901976,3.2071295346072994,-1.1592975672393815,-0.835448838222672,-9.22619942440999,-1.5462101210976107,13.473305013661067,1.2508861768957524,9.846219462686719,10.315035974881692
decay 2,324412.55759330216,88988.75862701489,3637304.964200411,405275.0686433035,2.6348662060946166,-0.003078140126137925,-1.4189686729834832,1.50204328368384,-2.2287070623542657,0.5415859649699605,12.688959143899723,8.237759975883844,151.34677680436084,6.85367970519888,1.2629287497880883,0.8004578752961066,-1.5681445404149978,-0.09769159171120131,-10.527958534033472,0.44822309553012213,3.2923505879077437,0.8658438671288168,24.432815211044325,10.710548837021044
