,Az,Ae,Kz,Ke,Cz,Ca,Ck,Ce,BAz,BAe,BKz,BKe,BΦZ,BΦE,Gz,Ge,∂Az/∂t (finite diff.),∂Ae/∂t (finite diff.),∂Kz/∂t (finite diff.),∂Ke/∂t (finite diff.),RGz,RGe,RKz,RKe
intensification,774014.1279366572,75959.8290347287,5080479.955652918,202397.01774520712,13.489985687990654,-0.34350471171525915,-3.5672983707715344,0.798829625906044,9.637715921528255,2.1610672692861437,0.3639068654565385,-3.5941659508525827,22.85850522393691,6.73197258758926,-13.021639971089257,0.4746430473287747,5.2374770513670255,0.7081869201145066,-13.308822963308014,2.2928683371638146,8.746242106114163,-0.310546011550334,23.59541714598367,-1.5209062913388192
mature,789010.3218348852,143808.2392853916,4497442.7613766985,452640.36522836867,7.737161626152477,-0.47768551330322157,-8.931157856165408,7.139198912497667,-0.3173803831063549,5.68109275022154,-8.96519083303596,-4.685217693677154,171.118901422768,8.911681966897701,-3.574915091172798,4.470151264613379,-1.0431191780288371,0.2390534479935723,2.655761790220227,1.4050917249543664,6.533737317926773,2.17484512357292,-12.81494885326912,9.980047350031555
decay,180412.65731625474,109269.0898805671,4289066.25283045,491300.91616425384,1.3636151946534203,0.17781622523525717,1.2555680280097798,1.7876589700208267,-1.4784370868135852,1.0354355456932895,20.085899705751388,14.914196182661161,168.222217478642,-1.8572570487074438,2.834898212564019,0.9338852287286773,-0.6389956351936352,-0.15959225338777644,-0.275249675590673,-0.4552332757394382,2.380872871508628,0.41481494570450317,22.980332604005262,15.901520400411647
