,Az,Ae,Kz,Ke,Cz,Ca,Ck,Ce,BAz,BAe,BKz,BKe,BΦZ,BΦE,Gz,Ge,∂Az/∂t (finite diff.),∂Ae/∂t (finite diff.),∂Kz/∂t (finite diff.),∂Ke/∂t (finite diff.),RGz,RGe,RKz,RKe
incipient,166278.85398637602,67311.20514552365,1165929.737802409,113184.31620634832,2.502374704481519,0.06829362403593679,-0.31978740017817286,0.4867827798793266,0.29423462236510683,0.3888270999968968,-14.522971983624702,-1.072926064774466,16.402989028660016,1.0528150639889735,2.37908629600295,0.2349649393621315,0.5945391653098535,-0.306875710676871,2.805293522415232,-0.02025051706088997,2.870972871462203,-0.27721365483037774,-15.145678201736585,-0.24610536765607677
intensification,363937.1592928688,36972.31956478425,1971471.899106112,119545.0107633722,0.06856300232167048,0.11122269610693442,-1.5517175434479134,0.8980350075445064,-0.6910315432045585,0.6080406281226183,-22.028781713776905,-0.8539536698800443,23.402602542637155,1.2741786413585119,1.827724640630123,0.45894828620978806,3.3129344761437154,0.24492235453976793,7.406301659311945,1.1792798365466413,4.183751717776878,0.42369403785472165,-30.918237914215084,0.41651904456573396
mature,596126.3446755655,160279.37591250378,2693893.2830778677,645671.6512656753,-10.968925667337794,2.8813732941581343,-18.83584473969456,11.840295168656896,0.5402791533128574,0.08810685441258372,-9.077697528807388,-1.3244761217948477,83.87299601022063,-9.086356324521544,-6.329215565941378,6.000321648169891,-0.6537147436391624,0.11223710317400629,-1.1029921607717132,0.9529865113355782,-9.281546270131683,8.983052123260181,-37.77947577506804,28.398677275221043
decay,145929.37496227046,69045.96309404097,1505864.966105231,469707.6775797421,0.49536472018392647,0.6040556740681413,-12.663889680859741,0.9673178185037373,0.26734388665578285,-0.2524728008219474,2.3457893597592103,-4.4530392370805245,84.1567015410443,-4.241462641078429,-0.3217829678654855,-0.4642022232343481,-1.3041480476006369,-0.5340641690600934,-9.940148043452025,-0.3764169909573515,-0.47207154000435164,0.08167077619745015,0.11741244253541738,9.554585253240308
