,Az,Ae,Kz,Ke,Cz,Ca,Ck,Ce,BAz,BAe,BKz,BKe,BΦZ,BΦE,Gz,Ge,∂Az/∂t (finite diff.),∂Ae/∂t (finite diff.),∂Kz/∂t (finite diff.),∂Ke/∂t (finite diff.),RGz,RGe,RKz,RKe
incipient,161769.88065927502,45332.17638926465,1406958.128468824,101162.6802183117,2.7490077912035553,-0.21458107965270073,-0.8951854672701733,0.5730455116608739,0.3318136325666166,-0.0133947575675513,-19.35113309349577,-1.5098329542084976,15.36664169591151,1.5014234304943601,404.4108662572564,28.102115601928762,0.5802828194602137,0.03290889468082484,2.1804351575314165,0.16855089398253645,2.78289589844445,0.8339302435619518,-19.6777459270938,-0.2101528692599867
intensification,378773.529335239,40937.546826600235,2142454.643270813,133515.65325559585,-0.1905801474511305,-0.22510095693152973,-2.1309445630390575,1.3474289474418397,-0.5292253062455877,0.6631110156812408,-24.29694220363863,-0.8735866163953661,24.36264503037737,1.1195905796116385,962.072049228184,112.06550161798909,2.9604329673520793,0.329560323150873,5.824572279338481,1.3828700536621643,3.0739771692150075,1.2389792118430016,-32.44303919346729,1.2219168404233671
mature,614942.7001567449,175874.42819647296,2827378.5148783475,696135.0480900309,-12.834672152899573,-3.216552132622158,-20.3417912139296,13.434938972973857,1.0376813313249913,0.21238575908672935,-8.972742744021287,-1.140655648520811,87.18755968653282,-9.911975876936303,-807.3209390741905,1446.3043766423034,-1.5869829244442706,0.29221438673323497,0.6026360149966844,1.6920577377250432,-18.67588854129099,16.73131973324252,-42.75184212584715,30.944016800657586
decay,45343.714591979326,80521.71457631062,1538733.777064277,585911.263933254,-0.9779234214090224,-0.645221326888884,-13.73765332245451,1.0000958060563998,0.8194248554458129,0.07878713441617492,4.482837556429486,-8.65301742259936,71.12274816434383,9.498455191734335,-119.91206156916279,115.87543492482772,-0.6785324689324137,-0.5402394550154689,-6.308736957045476,-2.295142420126231,-3.1211020726761336,1.02629054351364,-3.924002230388568,8.379874126037775
