,Az,Ae,Kz,Ke,Cz,Ca,Ck,Ce,BAz,BAe,BKz,BKe,BΦZ,BΦE,Gz,Ge,∂Az/∂t (finite diff.),∂Ae/∂t (finite diff.),∂Kz/∂t (finite diff.),∂Ke/∂t (finite diff.),RGz,RGe,RKz,RKe
intensification,688409.2963335271,101912.28443899433,4250963.728186774,526859.538873836,11.511506334663522,0.13745243130714108,-0.8830135164990708,6.861720733865591,-2.6861856987684054,3.718659074532537,0.5098352344271171,-1.2038339582114277,172.0640408576538,185.49486255758876,10.46528621963122,5.600491033696497,0.7249587353354101,0.4323629251959705,9.285319261138996,3.2980196217371462,15.060103200074478,3.4379721532218817,1.8530087914525755,3.2428806704160866
mature,549344.742233312,130731.82475647198,4112869.282028159,759649.5248069536,11.197350544889652,-0.16075163968037728,7.553411170974343,7.296050095012006,-9.419462433300273,5.289620990600742,29.93861815470656,17.661851665046807,197.18004623597594,202.85806695393657,9.565121417358872,5.390628383955934,-6.3811488932080875,-0.7536046220221922,-25.261688492505485,1.5432166646537553,14.074912445301452,1.4135761220694498,73.95106836307603,15.861273924430717
decay,178789.25600268279,50039.59558354958,1871371.4117650203,347569.0226827634,0.7874882564577071,0.007919712246847961,5.8301369672358225,1.2158173179814942,-1.5610331562207875,1.103610204251992,16.176674523853876,6.400344511307465,-0.17138564722800526,-43.14903321393892,0.0051812411853581365,0.325564940993842,-1.5038464800113112,-0.49018010068822415,-9.727363484128201,-2.7706270310179315,0.8525946449140308,-0.3858926992055712,32.521663231675625,4.5566518930710735
