,Az,Ae,Kz,Ke,Cz,Ca,Ck,Ce,BAz,BAe,BKz,BKe,BΦZ,BΦE,Gz,Ge,∂Az/∂t (finite diff.),∂Ae/∂t (finite diff.),∂Kz/∂t (finite diff.),∂Ke/∂t (finite diff.),RGz,RGe,RKz,RKe
intensification,964978.4876130613,89048.39385835164,4469411.639490199,426120.2507257897,11.387662615150818,1.4329386840626996,-9.150342669860107,7.028193061709691,12.539811989744729,1.1161101701681226,-13.69945985728503,-4.212160809302944,189.631172572928,182.86768290835502,5.623538291530682,3.730197458209542,2.3378837100178465,-0.06464103086158124,16.63397625900566,2.906380310130778,2.6186730194866334,4.414503176617283,-28.096116170999974,9.059994612136077
mature,1182216.021918317,96206.0345350501,5930415.96152594,632210.8282292909,26.500861540463724,1.284653405218053,-14.46537701848086,9.11673151706788,20.038773584053903,1.5236092101196754,50.290763600891154,-9.330030229417755,244.7099775992377,170.87257005455055,17.120178872974684,5.024626995370158,-1.0171867327623032,0.36616195709357674,-1.7842983134755959,1.3243057481720268,6.72955462886558,6.674630858823731,64.11054643634962,12.92777255795896
decay,1110693.6503648013,98583.95135190837,5825316.21243738,491581.8284350054,24.587963429809253,0.1931828261352598,-8.146885838584202,6.384228487962976,9.132622857452557,3.3681934917411773,76.86909337608473,-12.192031217003485,320.51024021482766,285.72459847917634,14.536669093648777,3.221372926309464,-0.77922484775804,0.09635567658630428,0.13123849851468913,-2.344806242725327,14.869298550733916,2.9192078466728413,93.1789324687951,4.683889352269023
incipient,1093266.136622359,95734.29145717825,5915981.474906629,364029.24276625214,17.627212346356913,0.19334554363986908,-1.808437231979764,2.4628944190845448,-0.7032033725793474,3.3877375453851886,40.37946338352189,-4.869800969067644,317.0348862217188,352.31570080492656,7.562725199161237,0.6753816757143046,-5.006994706199511,2.492049020652472,-15.844082829626732,1.0345421551375016,13.516766556376622,1.3738603507119584,72.04232132752577,-1.6330114731408376
