,Az,Ae,Kz,Ke,Cz,Ca,Ck,Ce,BAz,BAe,BKz,BKe,BΦZ,BΦE,Gz,Ge,∂Az/∂t (finite diff.),∂Ae/∂t (finite diff.),∂Kz/∂t (finite diff.),∂Ke/∂t (finite diff.),RGz,RGe,RKz,RKe
intensification,656436.2641495239,77820.63425513396,3981450.9986242126,424639.31923225225,8.233636619246063,0.2760031336990429,-1.9808510479209707,4.420897590086667,0.2774561643487698,2.5611620380909796,-19.270334672804665,-4.568861297763797,133.06186113025475,136.59503964028542,7.6630260415190685,3.7842189134948327,4.892650102277126,0.2890286064762751,21.5849117953112,2.7412287295121116,13.124833690873459,1.8727610247729203,-34.60246089679075,-0.9083413892682715
mature,599587.2466911172,130905.25996428673,4208826.746371252,739933.7928100509,12.023503610601837,-0.09892429086005496,6.765132788854953,7.942866296362451,-8.243734289469737,4.9226659119080205,31.359852394125653,13.439155032122047,193.92124617481517,198.3984061686422,10.699985909965006,5.963677344882718,-5.96053118696391,-0.4825273792382965,-22.95573075762078,1.595451858293221,14.207782422247613,2.6365972960761894,73.10421955120324,13.021436681336326
decay,136278.09002343216,38868.513860320265,1511963.336778072,269403.66868513555,0.10812938202227562,0.021948362898143118,4.287828573602235,0.838322346503988,-0.3200117523364736,0.6334570415780382,14.746293100917153,3.0437586394919633,-25.367992476826327,-71.48633336519349,-0.7314967649965559,0.03999877765555731,-0.9645080974561693,-0.20028158289584452,-5.251069542582163,-2.900706449635791,-0.5144186001992767,-0.017364640868038274,24.39332059912383,2.494958862029505
