,Az,Ae,Kz,Ke,Cz,Ca,Ck,Ce,BAz,BAe,BKz,BKe,BΦZ,BΦE,Gz,Ge,∂Az/∂t (finite diff.),∂Ae/∂t (finite diff.),∂Kz/∂t (finite diff.),∂Ke/∂t (finite diff.),RGz,RGe,RKz,RKe
intensification,985295.4665022498,141134.0428243619,4009270.2436322877,516683.0950158155,-1.8565322697693472,1.4926487025648905,-8.913531888938442,11.34645377955129,6.487801126568811,-1.9964741327791162,-7.652812217191326,-4.257782311684115,28.48310381426176,18.20244467581985,-1.5094392307150584,8.751822926987401,1.7524691219797617,-1.9248622280654388,7.37174566748456,-0.3141599148668568,-5.0992155717935095,9.925416981700076,-25.794622043383676,16.316363271672472
mature,1150068.179800965,72718.91566257876,4404644.678999986,489804.02354861633,2.46839210596503,0.7442720653819457,-13.267468965860415,2.9998493163986506,17.219646952491562,-1.334532293596905,4.561777948009141,-3.583160127582568,-20.993002560659903,-54.82360054487236,-0.640629840419413,2.8084705558142082,3.9938501766697363,0.0295471127793925,5.76191909954689,0.4991065240943024,-10.013132604474853,3.619656657393003,-11.999218011433136,12.185051630582201
decay,602832.2006356595,224027.91387100384,3227842.357431682,983440.3218681952,1.5679561082755136,2.9258707878875514,-9.184237613061816,9.53533879329704,9.87084661787152,0.9400394502094886,4.30276130912224,1.496633666450126,53.48405113026302,53.92076175230722,1.231848264963845,3.828673009645421,-3.7621166290650208,0.4064364840909927,-9.586902053556518,1.0734851791539266,-9.13913635077347,6.075865039290996,6.273381857892458,19.142724893655057
incipient,78711.87691443358,191018.16800307672,1645460.528761258,805333.2057359952,-1.242462656779239,0.955552317912584,-2.3864477397681165,1.6075747661737654,0.17357971664757765,2.5125136985831804,-17.307122825504926,-7.258383976517812,103.34301069796048,113.43041716350854,0.3176480002292263,-1.1193719278320216,-0.10337768492846075,-0.2642470747085167,0.5535598380171621,-6.95200692418729,-0.5638677404426933,-2.124738325030515,-21.48959306006945,3.687645453611359
