,Az,Ae,Kz,Ke,Cz,Ca,Ck,Ce,BAz,BAe,BKz,BKe,BΦZ,BΦE,Gz,Ge,∂Az/∂t (finite diff.),∂Ae/∂t (finite diff.),∂Kz/∂t (finite diff.),∂Ke/∂t (finite diff.),RGz,RGe,RKz,RKe
incipient,480990.75680726423,111456.7748939938,3099754.6938874857,263930.7715655714,-5.471777498952612,1.5834373574174525,-1.861396679975959,4.0017513794555954,2.332017330806361,-0.6131687447672498,27.637471997245346,2.823168925103352,-40.55804503101367,-0.08194864702758606,-1.7624191051748708,0.10546907534032796,2.045002481050366,-1.0857837405045487,7.0895811041771815,1.1722125362488602,-4.1753549912911545,1.945699026300844,13.214716714139593,7.514104448286046
decay,665024.3406405448,147903.3838477166,2847560.022454248,250999.11109274524,-1.4189863968977046,1.7986241243431464,-3.328621099486416,4.09277641613806,8.368129249203418,0.7469981562493305,6.942559183595248,5.769214169983545,-54.4983212503994,-49.14475051057232,-0.18804223017000576,0.419941130309383,-1.5279905815030914,0.128121838551216,3.8482978926056055,-0.26234386818691496,-9.516482103261065,1.6752759740967977,-1.6533462053944796,13.452955553794936
intensification,818423.1310066425,199559.06647317074,4823270.784778042,414170.1222961249,19.03400663965219,1.7206684259870486,-5.934090295354591,1.0385336812773946,35.393592843044964,-5.015290341730375,-39.46285669251683,-2.2479189074770094,-157.42621156374273,-325.88562061981344,2.807122675398062,0.21691942736269954,7.078652624880114,0.8306916871078462,15.632193025659491,5.715702204076747,-7.560265152525609,5.163847284128567,-41.99513337387872,-0.9909971349217704
mature,955920.6226340021,165163.48253787478,4841140.50540696,952290.8904072958,51.58427257220569,3.755106596654656,-35.46384112937689,11.882583130613133,55.51986074175319,-11.06482866730545,-124.58248852902253,-21.279184529779318,24.606329409441376,-133.56293872197799,12.322120241179672,3.3552535000335744,-6.436173266060826,-2.196074434950168,-18.313631271554105,12.35842977770829,-6.616654838953683,16.99623076631376,-90.14842581463962,13.708809952502415
decay 2,624159.0560530295,123357.02564307065,3736791.7937202933,620865.3582850377,27.877674560272904,0.8555161541323891,-22.10063526107334,6.177949206800236,14.034189849989174,1.3097164798674206,-52.66205598919005,-49.97444668062621,114.37498758096011,-44.535488074365865,7.458967038481364,1.8888153841043047,-5.089860778525184,-0.39422760221883774,-19.70344337746088,-10.827912506829351,9.60914008589093,3.6184889705815904,-27.18157331252961,-10.867949705923278
