,Az,Ae,Kz,Ke,Cz,Ca,Ck,Ce,BAz,BAe,BKz,BKe,BΦZ,BΦE,Gz,Ge,∂Az/∂t (finite diff.),∂Ae/∂t (finite diff.),∂Kz/∂t (finite diff.),∂Ke/∂t (finite diff.),RGz,RGe,RKz,RKe
incipient,372387.8814970457,103875.53735576085,1715734.9181644574,566919.8260048366,0.2433774587210937,0.774582306284263,-8.16424607749787,4.749873646326777,-0.37856475511034715,-0.6256986895379522,-38.79856843980092,0.5030362633042654,38.7732848973923,22.998922602642594,-0.3168681355307131,3.3060206225892355,-2.1701443382824546,-1.0385654529537671,0.20404288753555774,-2.467699551572382,-0.773619818166751,3.5624245766266984,-46.92347994611325,15.884855538701297
intensification,588667.0805572071,89124.16680878644,2587548.0961566395,277650.06063940737,-2.639001094927726,1.250320542171544,-5.455947115460974,5.327954425675276,2.7294460374399554,1.2443618930068643,-18.17572392266861,-0.4207944371126597,77.18096201818315,59.551926477194904,-1.8852607276939775,2.4925660427728564,2.9078874356898763,0.38926450280987895,8.433077954591957,0.4224368613414147,-1.2102391545062596,3.2225364933067455,-34.703750087649254,9.940670242682174
mature,844905.6873797323,192181.85068510025,4041820.697942474,568776.7698902356,-4.815776349682491,3.855333213870643,-18.539613365838036,17.385014909992652,7.71223919742577,4.416749731577976,-39.04398720065027,-0.4917266175133979,128.67087745362772,71.28759056432649,-2.9499307375789723,9.314619144087567,-0.900421399103435,1.5788410740496115,19.747336951811562,5.324685493876775,-9.573103732341053,10.691773038593647,-82.14671386798237,30.108216164440517
decay,414124.32114210323,336239.3555899232,4485007.247087754,946823.1548024479,-3.4383686392296964,2.884054992727023,-25.2911892570617,12.320961352061845,-2.158500939702311,8.53641455095521,-22.019101764876144,-5.622543756181449,360.74219348073484,302.5845186277754,-2.059241285604371,4.209824102895449,-3.965750597868696,-0.9893227991591853,-9.918938305711098,-1.2823245714758056,-2.3615633046690556,-0.08883099077956993,-40.829721355456456,33.271931424417886
residual,441080.331260641,44500.598633783884,2152960.3152584205,200923.07111137803,7.2964861345486005,-0.17692707571318236,-4.715683957662885,0.30609816482565394,7.7978918495507346,0.3432255747658748,-2.670655820884734,-4.466096461017209,179.87208630862096,147.53181833179514,-4.168324438957499,-0.7419338300435777,2.8369680478766797,-0.1669393346411279,-15.676340314991359,-2.413894995247109,2.158635257161362,-0.02713966886816645,15.586486670992342,2.9695806567184366
