,Az,Ae,Kz,Ke,Cz,Ca,Ck,Ce,BAz,BAe,BKz,BKe,BΦZ,BΦE,Gz,Ge,∂Az/∂t (finite diff.),∂Ae/∂t (finite diff.),∂Kz/∂t (finite diff.),∂Ke/∂t (finite diff.),RGz,RGe,RKz,RKe
incipient,1081176.5970353603,322668.1431533558,4203847.366360247,127723.59716397678,6.268673250848116,1.115923149150919,-0.9516203668197263,-0.12185230602181762,6.018779306364732,-0.945991785452682,-71.737052062474,2.744076841245923,266.1174592258858,290.18778901115286,1.7336607257946608,0.2129930819792885,5.345801023049937,0.3269778847516035,12.10260074147016,0.6667858446084167,6.711618116684239,0.03519421503154893,-78.52259991991578,2.907059057435415
intensification,1266458.5675087736,342604.4540453319,5987522.609554725,318841.5655367626,-4.9227857676852675,1.0207595139952081,-4.856309724835211,5.063370452869729,-5.507635647205521,9.746790590360916,-38.01900819299254,0.3610949913908577,339.1115843139996,338.54024840387564,-2.5338245236945243,2.2395615044428276,0.8127976512634232,0.8999232321977936,20.968307600869064,4.17235742948892,2.418407044778885,-4.804256419288599,-68.76641128638208,6.108417739606878
mature,958451.2959166446,495301.00861010223,7412871.258398496,866798.4784659129,-15.848199944907991,6.166728385670054,-2.762360802235192,33.97800234829843,-29.78648727410719,23.000109223818725,38.73817154943664,-3.7809504161960343,330.01928145839236,321.73633551893744,1.2504315797242878,17.764156760763843,-11.903851800524501,-0.5873210166266462,-2.294182805816933,2.797908632434956,8.201163914344743,4.223843722183005,22.421793608110395,30.16150410190264
decay,480464.7568582035,83467.1322121479,5670146.142171477,330108.1584481128,-7.111811939226969,0.4352606642741351,6.236724376914967,2.588910723887251,-6.307188500289653,-0.6358360288825883,23.252991663357054,1.6865002555566353,40.928708610779616,14.762243159288136,-1.038182151156006,0.06188923406793886,0.3186373352171027,-2.055717218315341,-13.540478386814637,-4.031386637639349,-0.05072543944608232,0.733768870180364,35.9183824878597,2.0700732401682673
residual,555742.5762754008,172796.93662535437,3388696.969050348,397199.12896075204,-0.42351592238653923,1.357571057448162,-3.7024163159647454,3.0858896426573077,4.077246031162779,-0.5246707695673329,-6.570423913022359,0.15442546764999882,67.73542471420444,23.100315696795683,-0.8184881575134536,-0.5120371658731001,-1.3740357056148105,0.5345763143383904,-5.214868804238458,1.7154472691896157,-4.517226601715965,2.7875656691148674,-5.481487347135194,5.227284157082437
