,Az,Ae,Kz,Ke,Cz,Ca,Ck,Ce,BAz,BAe,BKz,BKe,BΦZ,BΦE,Gz,Ge,∂Az/∂t (finite diff.),∂Ae/∂t (finite diff.),∂Kz/∂t (finite diff.),∂Ke/∂t (finite diff.),RGz,RGe,RKz,RKe
incipient,416319.5904510707,197248.25068413507,2083751.6127467907,225043.89915756692,-0.20847138468271986,0.08538231041682069,-2.4497434889161793,3.963017666344574,0.7422201371114725,2.673938781152263,2.84406820019944,-3.9666054344488164,46.56707605059052,45.86068800353157,-0.26365815961745204,2.0672501202893945,-1.181809733764201,-0.7675855556732673,-1.028291081141784,-0.5746575054582141,-2.0471189451415723,0.43611101910222316,1.2141444077423271,3.02081322627015
intensification,1173947.1531896722,126860.96583025284,4559591.132689692,183552.35096801235,7.467264388214205,-0.5284819511560126,-2.60116397145158,-1.767335218444146,20.206879636037662,-0.5318108927153933,5.447507206845486,-0.18876835713327322,-113.39636726244993,-162.32259930685575,0.46373605779567656,-0.017237894936952235,7.637371002142994,0.379336653129247,21.919973204428672,1.031964890311919,-5.630726196836481,-0.32770572144349325,-11.606365580820565,-0.3869044944377571
mature,1675802.3072906206,329637.23017765663,5914913.524809373,731282.19415555,13.94626296243117,2.5846664362981406,-11.083870374969129,8.41515347628839,51.68712970735387,3.3807494157780864,56.83312993423762,8.071735178368682,-225.90786499725724,-276.2959658584883,-0.31373670101906803,3.597396765023376,-8.848070173760185,3.489976806834336,-17.897894533160787,10.391426821030228,-44.004270482384726,5.9397144310465,77.59341705486044,17.179332208595973
decay,565620.6002350057,567407.6979952456,3717533.4272424253,1686103.6173911253,-5.089045786812205,4.672373253784799,14.055573332784759,19.030473784133605,6.0507340331532005,5.712485327136145,-45.69572654690592,39.717914005227556,111.66114675269962,101.09285899820121,0.8391324947470981,3.3589245399628265,-3.6536893258290055,-0.7091212545648655,-13.262929257302527,0.6980759051834615,-10.12109589200961,7.936493948647799,-23.466269743630846,43.99473855139295
residual,552771.0698252383,212707.71615709242,2863946.7535917345,917288.1590936702,-5.313533546659446,-0.18577363662539007,11.916165940353437,2.8214292459639663,-14.710444546524727,7.980365579967826,-25.734735882645538,13.08834026695666,47.78028631777478,19.756775182594055,2.046278771570577,-4.62376957642323,-6.129162215833751,-3.127648073436066,-4.359177460826389,-7.046048750042587,3.081975147406142,-8.100810770814535,-14.77292602812515,11.039652322609776
