,Az,Ae,Kz,Ke,Cz,Ca,Ck,Ce,BAz,BAe,BKz,BKe,BΦZ,BΦE,Gz,Ge,∂Az/∂t (finite diff.),∂Ae/∂t (finite diff.),∂Kz/∂t (finite diff.),∂Ke/∂t (finite diff.),RGz,RGe,RKz,RKe
incipient,980158.373127595,108416.13130104734,1901696.732761507,99101.45089477143,0.7828191815833785,-0.31830146826307115,-0.6183007371366577,0.5770260559423618,4.972072843654083,-0.370016390495569,-18.518641430943198,-1.6138408461959572,-79.16116426781183,-104.16347875534767,3.9235717114687123,2.248494717986501,10.524700232888499,2.201095109168962,9.804400375092516,0.44633400075137164,6.017145102554722,3.466439023869964,-28.15852336158899,-0.8648480538683097
intensification,1347926.538820231,147722.36416702787,3242568.0123054306,360191.4268904221,3.535701133486601,2.1755619866472324,-9.289246319660037,6.759041654575257,5.980368209310544,0.43789989046869726,-34.1777602641329,4.2247265839022194,12.369533634301392,-100.21573664118957,2.476705664154621,4.326228359764276,-0.5319311719079084,1.5745653946073501,14.69256518999977,4.3209129337382866,-0.8010362610846213,5.720145172066678,-54.6238706403061,15.952101624399225
mature,647497.2864135733,530317.6123972163,4650623.783056489,1092582.4209599772,-4.044059515086255,6.913940471635603,-16.35754989261148,28.17144830086499,-1.5035015563936007,-3.2584227299280912,-50.540503119736606,27.995607699849604,321.5895057624955,251.21112669005188,-1.3440271650652214,14.954143427839641,-9.20626769818299,-0.002886573655529892,6.090409094581284,4.901722244179297,-4.832885185240042,24.513043985501948,-77.03252162201562,67.62288364914676
decay,190782.37650018607,64125.70668210899,2708523.5071274424,263974.37933353224,-1.2592909663599028,0.08707190478342433,1.8963448518315065,0.8849604170426242,-1.7210017917588618,-0.2782355568591083,11.577371159731655,-1.49518893038868,-35.63758572537198,-45.898489685585815,-0.34516419174748536,0.41688502471782507,-0.32783500447926883,-0.6826461385261006,-6.405360195720216,-2.0855123279994165,0.22094772570311447,0.39347793059220754,18.61978524092347,-0.42106103717814714
