,Az,Ae,Kz,Ke,Cz,Ca,Ck,Ce,BAz,BAe,BKz,BKe,BΦZ,BΦE,Gz,Ge,∂Az/∂t (finite diff.),∂Ae/∂t (finite diff.),∂Kz/∂t (finite diff.),∂Ke/∂t (finite diff.),RGz,RGe,RKz,RKe
incipient,2071396.3260115858,214410.0175708788,4896203.366590699,208642.0239131286,3.2089155337141078,1.4642955422580686,-1.5811383059974113,6.64430024308795,14.30657474755396,6.00765910146665,57.013937836048704,-0.40120171348611566,-30.710970572343374,-74.69970630426815,1.5434072058498938,1.0476474221141552,-4.895953281300461,-9.275180598600794,-7.08906425732757,2.5381428995455093,-14.529316952882246,-10.102834999237565,65.73077932109298,5.286093936053736
intensification,932258.579593134,228894.50792774415,4296308.098314711,508043.6670185233,-5.336177430921513,2.9999462283174876,-2.8855681930090733,12.8002547686696,1.688077357287829,2.3240450903827194,41.55965672672139,5.8382039493256634,19.407181856667577,4.9781291995533445,-0.6008317946768367,8.300681586378193,-14.574525983459603,1.1043179796400855,-12.26567815963095,5.518313643465909,-18.59883454335146,8.58058142960948,45.60358926242174,16.00571326753843
mature,278903.3584777189,251357.597643717,3292878.4125190596,930495.1553028035,-4.704750002908614,2.4689999879535276,-6.592471081951671,6.270513849273393,-5.409915012277918,-7.737978844263474,-13.175108458342175,6.365380775507489,156.80092533169852,161.10425022388378,-0.05897098181859975,2.4515801645328117,-3.4979246234322345,-2.6004408552339764,-19.902790191523014,4.840217416925992,-0.32375962610940107,8.939051850349362,-4.569539351679439,14.38814828980656
decay,237065.97592067023,74454.16425538356,2811311.4875722234,420092.0314049721,-4.031687272192537,0.4534790858543095,-3.864542028822839,2.4942409139540374,-3.2013524059007197,-0.1713949569312345,-13.15020513435512,-7.449916846152679,198.14985711124748,161.64006899285425,-1.5119363061371565,0.18209895276620117,0.8856057062954524,-1.087232151722248,3.1410970786978427,-6.479598760930211,0.5087499258579452,1.1249246333087157,-24.18753151406834,5.388464857554413
residual,331025.64956904604,101374.28623742578,2389442.4111112976,152948.53921766946,-2.0273245460846963,0.14567295183787995,0.6332439243662352,1.2128914333666436,-3.156992586503444,0.8000600101195194,-17.537508630108356,2.184696231778762,157.4921303438297,159.03607334306983,-1.218620242493084,-0.17393220266144652,-0.8004268460677231,1.008301071682599,-10.638018444917074,-0.17896149502485614,0.4749141461889036,1.2754595430918434,-8.293570806909738,2.943305235804026
