,Az,Ae,Kz,Ke,Cz,Ca,Ck,Ce,BAz,BAe,BKz,BKe,BΦZ,BΦE,Gz,Ge,∂Az/∂t (finite diff.),∂Ae/∂t (finite diff.),∂Kz/∂t (finite diff.),∂Ke/∂t (finite diff.),RGz,RGe,RKz,RKe
incipient,716433.9698678623,155334.76674239547,4066772.3547818935,304900.49738181185,11.584901875626478,1.1197661860978187,-0.7328379767349501,6.977446514120944,3.6362219327635494,6.305528459539348,-71.52177008040212,-3.0199454260672622,189.4813779757817,189.73201646767694,7.156035049492789,2.1968146208832477,5.650045441143855,-3.8961277285031484,46.528312424327126,-2.567765982123668,14.718491570104604,-4.343975860019372,-107.1980186058377,7.258105046912297
intensification,1062594.7536947194,86298.92156088802,5337513.92053052,188328.93005209832,1.2165024785504492,-0.20700472296433142,-0.3639713756407009,2.5988800814129167,7.429411608688735,1.8274128451680742,-41.85572108591658,-6.023714018306476,47.47692268819848,42.64064009385237,0.6227455497925438,1.3648758958723237,5.411494157035362,-0.1442987516361532,13.914290590093083,-1.1774817000501077,-1.0084196960672578,0.834173207573021,-54.91748057309991,-1.8833808612027496
mature,1520624.4386044028,121103.97455606358,6053081.6105595315,133666.61074055068,-4.994445341112613,0.03237587662178672,-1.7075978503261109,2.817514765228421,19.33861671421552,-2.8385427858949916,5.875617650040736,-4.213633388909252,-178.28195915279707,-195.75723682871794,-1.1363383020448987,1.0612906578697456,3.019550117964462,-0.22944856825312737,-0.6907790577835835,0.39689963907992504,-21.281136060741886,5.394233106248499,-0.13564648361440312,-0.0854204124346451
decay,657105.9835285839,239352.2010099335,4342905.731775163,687435.0928758839,0.05488984184051632,2.738233776731677,-14.431994782614321,8.464789510064506,4.716458507118631,0.5086225119467142,4.326267151506423,6.205140914150302,233.7130649040051,169.7307071490958,1.378224112653507,3.1802409063600283,-3.457955509165716,0.7108999886575731,-5.9429878414770645,0.8719021405759684,-5.381290397712153,5.928833210043689,-4.107849947790321,28.230023066253153
residual,366754.3837618365,186489.58709139357,2800289.9252580665,272348.0949116243,-1.4274170969544733,0.44721849376058787,2.035403066789931,2.727436640339402,4.710274724646756,2.46769321505348,-1.1848176240873431,3.5091531416844175,121.89300809263263,68.04980119909366,-0.13402324623345557,0.195842885610614,0.6849445892895506,-0.6266229344910874,-2.531041441406527,-0.7549303688098192,-5.005528738551091,-0.8140980029657515,1.954209787154639,4.956117084043706
