,Az,Ae,Kz,Ke,Cz,Ca,Ck,Ce,BAz,BAe,BKz,BKe,BΦZ,BΦE,Gz,Ge,∂Az/∂t (finite diff.),∂Ae/∂t (finite diff.),∂Kz/∂t (finite diff.),∂Ke/∂t (finite diff.),RGz,RGe,RKz,RKe
incipient,807708.3751215446,114199.16419884253,3160673.63349783,174538.72424840982,-0.8912530092273143,-0.22150077490209782,-1.6869952262692411,1.0091552654871994,4.88839207898648,2.2996886287869014,-66.08381750099414,3.857611747118375,135.28893223470516,55.89466241986184,-1.7880281925969017,-0.9389883802411276,47.26829364749392,-4.575854023459864,98.30974491931649,6.864856027961539,41.26714778437802,-5.644886611857468,-166.9718106558072,-0.3110937890867236
intensification,1362495.3571499668,143482.9621089783,5067235.71844128,546872.5139476605,4.614891561212084,1.5488553931575346,-13.44770920615227,3.848065384077217,20.101078012355206,-1.4413734131234701,-61.35115798321076,25.1164318432003,-65.27822548270868,-285.46032644022546,-4.322853810880192,1.1846469282369907,-2.863950020836243,2.4484599763679684,8.740535358865964,6.776649717132808,-16.80128107882183,6.189043380411121,-78.92451098701689,35.63555671629698
mature,381215.220966492,316153.20099741523,3809445.5740845706,943739.2437858062,0.6072161022881692,3.697325316606134,-1.2108585296529044,12.622295117374144,11.1085703497239,-9.209861571447755,-2.9042002589338876,33.65185679363723,97.08298159406326,96.58426360182723,-0.29330709391834076,4.380578073806546,-10.858336326808871,-3.474065574978373,-28.437565906946464,0.11984973888790718,-17.66236525763847,14.660765797237392,24.929723220647837,47.365160701776375
decay,154550.86302431565,62657.752209480466,2605825.9546891055,437911.0435182664,-1.0568937076942797,-0.149088881003143,4.633638096368721,0.5839734455419591,0.07280937544502865,2.679823380833961,15.080867088162991,-0.7629891862417003,-14.783995397318494,-5.012413065189467,0.07390094323432599,0.1418559455504655,-0.13924991439814496,0.03305489514570068,-5.927691587120854,-1.236726468829975,-1.4180418785405968,-1.9137061591431588,24.585303063958293,-3.575927368238488
residual,469153.57716131443,228220.95234078538,1813802.785752203,757769.6203166904,2.0921201450559495,-0.020167937238945194,-4.411124942996185,-0.453757816047908,-2.0536196942911924,4.123655113655259,9.998271203816822,1.153828418159238,-43.94895244172915,-87.93528519541817,-0.1802800767674945,0.4790991016504181,0.6971053626955732,0.5796932837444916,2.2561989849708635,1.4153437087180034,4.822677264803775,-3.977551708719732,5.42306742090573,3.695851836389508
