,Ck,Ca,Ke,Ge
incipient,-6.312781140290318,0.05781319833061216,174686.88687377085,0.6943617793934326
intensification,-11.64947591072529,2.1022306710361285,553784.6728209741,1.698539088337692
mature,-7.047195243828593,0.919081254293569,353415.9856646403,-1.444532027959057
decay,-4.339973014970267,0.20050234405878575,171571.73636103253,-1.0906233833536947
residual,-1.3923037043835143,0.7011815407006734,161954.4676393581,-0.7806041304256593
