,Ck,Ca,Ke,Ge
intensification,-14.121940919528388,3.9268155512418867,573171.2652866526,6.726484672212713
mature,-39.87356903417487,5.036336953431045,1857005.3736244708,7.449837431111714
decay,-3.9606728778282605,0.3892189480857975,365237.1115161467,-0.21840019702261326
