,Ck,Ca,Ke,Ge
intensification,-2.846843795048443,0.7179850956176708,194507.26094612235,1.6516425309035887
mature,-7.495585254994458,0.9715807833178903,402622.60339865903,0.8394755582779163
decay,-5.656231720187155,1.0496107392563379,475306.282112295,-1.5301288437987772
intensification 2,-6.859042536194539,-0.5232731104139416,184803.10792357253,-2.8193234961162608
mature 2,-0.5479127508465025,0.08047694910049291,72981.08168275282,-5.25616219433136
decay 2,1.1412119003429617,0.18376231448687752,242605.75954556465,-2.5180225051952667
