,Ck,Ca,Ke,Ge
incipient,-2.937270883398465,0.9332303822948642,295666.0094369345,1.8479972876168036
intensification,-6.003345790731466,2.166227885302017,489569.1473791982,5.371996952629283
mature,-6.117633559639207,2.0658076905297613,377487.5425169838,6.361406123088034
decay,-0.8553194305173766,0.3818995514337281,334091.48907186266,-1.6309845885633543
residual,-1.5238675205601615,0.7854746617307837,342693.71628021426,2.646402549550955
