,Ck,Ca,Ke,Ge
intensification,-21.116347790872684,4.331774580504572,793034.3944762055,7.061902123740225
mature,-36.41194511108327,3.6806294096432,1232908.034318845,-0.8026768746722046
decay,-27.22873738032506,1.1973366482562382,665214.3582789755,-0.4319353194367841
residual,-2.8028631841867373,1.126928139698447,318513.07072984945,0.12658904540538796
