,Ck,Ca,Ke,Ge
intensification,-11.812054861936627,1.702936080518922,710561.3625380252,1.181706739261984
mature,-0.8090405241532013,1.6754258206679071,626991.6271449715,2.26379869922308
decay,7.900902938622461,-0.09863550694438838,511770.9095742026,0.1306558892847529
residual,-7.293482693071915,-0.23438705357172096,638687.6855485331,0.3751258459904021
