,Ck,Ca,Ke,Ge
intensification,5.83715478610319,2.605245498300884,894002.6128697342,12.604444157561861
mature,25.979611582555734,1.4299325828776337,1736119.4378661476,13.149290233316876
decay,15.230353060919363,1.0389625020785995,1310392.2286231143,4.854962821388662
intensification 2,0.32312796323797954,0.046151120645139154,-38912.0036208512,-1.9261001863962788
mature 2,-3.154059295815575,0.08396509985014322,103628.31121033046,-0.6807826764970422
decay 2,3.7762571622591574,-0.3971989312682904,153555.12595754897,1.7415639288727474
