,Ck,Ca,Ke,Ge
intensification,-3.148195333691922,0.579173586736951,291692.9053177881,1.369059771255193
mature,12.136727070329579,-0.46074285527340353,623445.3784760794,5.875835822972437
decay,-10.072362505907858,0.18154034993589907,345899.5842679374,0.5481656705390319
