,Ck,Ca,Ke,Ge
incipient,0.1357058099983368,0.813914243349388,212913.63618752628,1.089822734666884
intensification,-0.43933123634399296,-0.506824961369313,192168.3978566476,-0.29045496240516
mature,-0.6569216371424365,-0.8773457569356192,240863.2699765651,1.5300711396944142
decay,-6.701282024603555,-0.9038233993835623,309132.44155781413,-0.23192609240255346
