,Ck,Ca,Ke,Ge
incipient,-1.270166972372951,3.356386022902206,394842.7599198885,1.936896457664846
intensification,-0.6303547714923469,1.4343155099021094,385744.47859036556,1.3339128253025514
mature,1.1523990240783664,0.07711907736018486,195478.56457006716,-1.2634726831857819
decay,-5.1172948747256015,0.9130401887294594,196937.98840865595,-0.24580025331455058
